# Blender 5.1.2
# www.blender.org
mtllib KEY HORN .mtl
o Cylinder
v 0.600122 0.550318 0.053685
v 0.424693 0.402430 0.042356
v 0.603401 0.546359 0.054592
v 0.427972 0.398471 0.043263
v 0.606764 0.542378 0.054498
v 0.431335 0.394489 0.043169
v 0.610081 0.538526 0.053406
v 0.434652 0.390637 0.042078
v 0.613226 0.534953 0.051360
v 0.437796 0.387064 0.040031
v 0.616076 0.531796 0.048437
v 0.440647 0.383907 0.037108
v 0.618523 0.529176 0.044749
v 0.443094 0.381287 0.033420
v 0.620473 0.527193 0.040439
v 0.445043 0.379304 0.029110
v 0.621850 0.525924 0.035672
v 0.446421 0.378036 0.024343
v 0.622602 0.525418 0.030631
v 0.447173 0.377530 0.019302
v 0.622700 0.525694 0.025510
v 0.447271 0.377806 0.014182
v 0.622140 0.526742 0.020506
v 0.446711 0.378853 0.009177
v 0.620944 0.528521 0.015811
v 0.445514 0.380632 0.004482
v 0.619157 0.530963 0.011606
v 0.443728 0.383074 0.000277
v 0.616848 0.533973 0.008051
v 0.441419 0.386084 -0.003278
v 0.614107 0.537437 0.005285
v 0.438678 0.389549 -0.006044
v 0.611038 0.541222 0.003412
v 0.435608 0.393333 -0.007917
v 0.607759 0.545181 0.002505
v 0.432329 0.397292 -0.008824
v 0.604396 0.549162 0.002599
v 0.428967 0.401274 -0.008730
v 0.601079 0.553014 0.003691
v 0.425649 0.405125 -0.007638
v 0.597934 0.556587 0.005737
v 0.422505 0.408698 -0.005592
v 0.595084 0.559744 0.008660
v 0.419655 0.411855 -0.002669
v 0.592637 0.562364 0.012348
v 0.417208 0.414476 0.001019
v 0.590687 0.564347 0.016658
v 0.415258 0.416458 0.005329
v 0.589310 0.565616 0.021425
v 0.413881 0.417727 0.010096
v 0.588558 0.566122 0.026466
v 0.413129 0.418233 0.015137
v 0.588460 0.565846 0.031587
v 0.413031 0.417957 0.020258
v 0.589020 0.564798 0.036591
v 0.413591 0.416909 0.025262
v 0.590216 0.563019 0.041286
v 0.414787 0.415130 0.029957
v 0.592003 0.560578 0.045491
v 0.416574 0.412689 0.034162
v 0.594312 0.557567 0.049046
v 0.418882 0.409678 0.037717
v 0.597053 0.554103 0.051812
v 0.421624 0.406214 0.040483
v 0.601762 0.548339 0.054138
v 0.605083 0.544368 0.054545
v 0.608423 0.540452 0.053952
v 0.611653 0.536740 0.052383
v 0.614651 0.533375 0.049898
v 0.617299 0.530486 0.046593
v 0.619498 0.528184 0.042594
v 0.621161 0.526559 0.038056
v 0.622226 0.525671 0.033152
v 0.622651 0.525556 0.028071
v 0.622420 0.526218 0.023008
v 0.621542 0.527631 0.018159
v 0.620050 0.529742 0.013709
v 0.618003 0.532468 0.009829
v 0.615478 0.535705 0.006668
v 0.612572 0.539329 0.004348
v 0.609398 0.543201 0.002959
v 0.606077 0.547172 0.002552
v 0.602737 0.551088 0.003145
v 0.599507 0.554800 0.004714
v 0.596509 0.558165 0.007199
v 0.593861 0.561054 0.010504
v 0.591662 0.563356 0.014503
v 0.589999 0.564981 0.019041
v 0.588934 0.565869 0.023945
v 0.588509 0.565984 0.029026
v 0.588740 0.565322 0.034089
v 0.589618 0.563909 0.038938
v 0.591110 0.561798 0.043388
v 0.593157 0.559072 0.047268
v 0.595682 0.555835 0.050429
v 0.598588 0.552211 0.052749
v 0.602582 0.547349 0.054365
v 0.605923 0.543373 0.054521
v 0.609252 0.539489 0.053679
v 0.612439 0.535846 0.051872
v 0.615363 0.532585 0.049167
v 0.617911 0.529831 0.045671
v 0.619985 0.527689 0.041517
v 0.621506 0.526242 0.036864
v 0.622414 0.525545 0.031891
v 0.622676 0.525625 0.026791
v 0.622280 0.526480 0.021757
v 0.621243 0.528076 0.016985
v 0.619604 0.530352 0.012657
v 0.617426 0.533221 0.008940
v 0.614792 0.536571 0.005976
v 0.611805 0.540276 0.003880
v 0.608578 0.544191 0.002732
v 0.605237 0.548167 0.002576
v 0.601908 0.552051 0.003418
v 0.598721 0.555694 0.005226
v 0.595797 0.558955 0.007930
v 0.593249 0.561709 0.011426
v 0.591175 0.563851 0.015580
v 0.589654 0.565298 0.020233
v 0.588746 0.565995 0.025206
v 0.588484 0.565915 0.030306
v 0.588880 0.565060 0.035340
v 0.589917 0.563464 0.040112
v 0.591556 0.561188 0.044440
v 0.593734 0.558319 0.048157
v 0.596368 0.554969 0.051121
v 0.599355 0.551264 0.053217
v 0.600942 0.549329 0.053912
v 0.604242 0.545364 0.054568
v 0.607593 0.541415 0.054225
v 0.610867 0.537633 0.052895
v 0.613938 0.534164 0.050629
v 0.616688 0.531141 0.047515
v 0.619010 0.528680 0.043672
v 0.620817 0.526876 0.039247
v 0.622038 0.525798 0.034412
v 0.622627 0.525487 0.029351
v 0.622560 0.525956 0.024259
v 0.621841 0.527187 0.019333
v 0.620497 0.529131 0.014760
v 0.618580 0.531715 0.010717
v 0.616163 0.534839 0.007360
v 0.613340 0.538383 0.004817
v 0.610218 0.542211 0.003185
v 0.606918 0.546176 0.002529
v 0.603567 0.550125 0.002872
v 0.600293 0.553907 0.004202
v 0.597222 0.557376 0.006468
v 0.594472 0.560399 0.009582
v 0.592150 0.562860 0.013425
v 0.590343 0.564664 0.017850
v 0.589122 0.565742 0.022685
v 0.588533 0.566053 0.027746
v 0.588600 0.565584 0.032838
v 0.589319 0.564353 0.037764
v 0.590663 0.562409 0.042337
v 0.592580 0.559825 0.046380
v 0.594997 0.556701 0.049737
v 0.597820 0.553157 0.052281
v 0.602992 0.546854 0.054479
v 0.606344 0.542875 0.054510
v 0.609667 0.539008 0.053543
v 0.612832 0.535400 0.051616
v 0.615720 0.532191 0.048802
v 0.618217 0.529503 0.045210
v 0.620229 0.527441 0.040978
v 0.621678 0.526083 0.036268
v 0.622508 0.525482 0.031261
v 0.622688 0.525660 0.026151
v 0.622210 0.526611 0.021132
v 0.621093 0.528298 0.016398
v 0.619380 0.530657 0.012132
v 0.617137 0.533597 0.008496
v 0.614450 0.537004 0.005631
v 0.611421 0.540749 0.003646
v 0.608168 0.544686 0.002619
v 0.604816 0.548665 0.002588
v 0.601493 0.552532 0.003554
v 0.598328 0.556140 0.005481
v 0.595440 0.559349 0.008295
v 0.592943 0.562037 0.011887
v 0.590931 0.564099 0.016119
v 0.589482 0.565457 0.020829
v 0.588652 0.566058 0.025836
v 0.588472 0.565880 0.030946
v 0.588950 0.564929 0.035965
v 0.590067 0.563242 0.040699
v 0.591780 0.560883 0.044966
v 0.594023 0.557943 0.048601
v 0.596710 0.554536 0.051467
v 0.599739 0.550791 0.053451
v 0.601352 0.548834 0.054025
v 0.604662 0.544866 0.054557
v 0.608008 0.540933 0.054089
v 0.611260 0.537186 0.052639
v 0.614294 0.533769 0.050264
v 0.616994 0.530813 0.047054
v 0.619254 0.528432 0.043133
v 0.620989 0.526717 0.038651
v 0.622132 0.525735 0.033782
v 0.622639 0.525522 0.028711
v 0.622490 0.526087 0.023634
v 0.621692 0.527409 0.018746
v 0.620274 0.529436 0.014234
v 0.618291 0.532092 0.010273
v 0.615820 0.535272 0.007014
v 0.612956 0.538856 0.004582
v 0.609808 0.542706 0.003072
v 0.606498 0.546674 0.002541
v 0.603152 0.550607 0.003009
v 0.599900 0.554354 0.004458
v 0.596866 0.557771 0.006833
v 0.594166 0.560727 0.010043
v 0.591906 0.563108 0.013964
v 0.590171 0.564823 0.018446
v 0.589028 0.565805 0.023315
v 0.588521 0.566018 0.028386
v 0.588670 0.565453 0.033463
v 0.589468 0.564131 0.038351
v 0.590886 0.562104 0.042863
v 0.592869 0.559448 0.046824
v 0.595340 0.556268 0.050083
v 0.598204 0.552684 0.052515
v 0.602172 0.547844 0.054252
v 0.605503 0.543871 0.054533
v 0.608837 0.539971 0.053816
v 0.612046 0.536293 0.052127
v 0.615007 0.532980 0.049533
v 0.617605 0.530158 0.046132
v 0.619742 0.527937 0.042055
v 0.621334 0.526400 0.037460
v 0.622320 0.525608 0.032522
v 0.622663 0.525591 0.027431
v 0.622350 0.526349 0.022383
v 0.621392 0.527854 0.017572
v 0.619827 0.530047 0.013183
v 0.617714 0.532844 0.009384
v 0.615135 0.536138 0.006322
v 0.612189 0.539802 0.004114
v 0.608988 0.543696 0.002845
v 0.605657 0.547669 0.002564
v 0.602323 0.551570 0.003281
v 0.599114 0.555247 0.004970
v 0.596153 0.558560 0.007564
v 0.593555 0.561382 0.010965
v 0.591418 0.563603 0.015042
v 0.589826 0.565140 0.019637
v 0.588840 0.565932 0.024575
v 0.588497 0.565949 0.029666
v 0.588810 0.565191 0.034714
v 0.589768 0.563686 0.039525
v 0.591333 0.561493 0.043914
v 0.593446 0.558696 0.047713
v 0.596025 0.555402 0.050775
v 0.598971 0.551738 0.052983
v 0.600532 0.549824 0.053798
v 0.603822 0.545862 0.054580
v 0.607179 0.541896 0.054361
v 0.610474 0.538080 0.053151
v 0.613582 0.534559 0.050994
v 0.616382 0.531468 0.047976
v 0.618767 0.528928 0.044210
v 0.620645 0.527035 0.039843
v 0.621944 0.525861 0.035042
v 0.622614 0.525453 0.029991
v 0.622630 0.525825 0.024885
v 0.621991 0.526964 0.019920
v 0.620720 0.528826 0.015286
v 0.618868 0.531339 0.011162
v 0.616506 0.534406 0.007706
v 0.613723 0.537910 0.005051
v 0.610628 0.541717 0.003299
v 0.607338 0.545678 0.002517
v 0.603981 0.549644 0.002736
v 0.600686 0.553460 0.003946
v 0.597578 0.556981 0.006103
v 0.594778 0.560072 0.009121
v 0.592393 0.562612 0.012887
v 0.590515 0.564506 0.017254
v 0.589216 0.565679 0.022055
v 0.588546 0.566087 0.027106
v 0.588530 0.565715 0.032212
v 0.589169 0.564576 0.037178
v 0.590440 0.562714 0.041811
v 0.592292 0.560201 0.045936
v 0.594654 0.557134 0.049391
v 0.597437 0.553630 0.052046
v 0.603196 0.546607 0.054535
v 0.606554 0.542626 0.054504
v 0.609874 0.538767 0.053475
v 0.613029 0.535177 0.051488
v 0.615898 0.531993 0.048619
v 0.618370 0.529339 0.044980
v 0.620351 0.527317 0.040708
v 0.621764 0.526004 0.035970
v 0.622555 0.525450 0.030946
v 0.622694 0.525677 0.025831
v 0.622175 0.526677 0.020819
v 0.621019 0.528410 0.016105
v 0.619269 0.530810 0.011869
v 0.616993 0.533785 0.008274
v 0.614278 0.537221 0.005458
v 0.611229 0.540985 0.003529
v 0.607964 0.544933 0.002562
v 0.604606 0.548914 0.002593
v 0.601286 0.552773 0.003622
v 0.598131 0.556363 0.005609
v 0.595262 0.559547 0.008478
v 0.592790 0.562201 0.012117
v 0.590809 0.564223 0.016389
v 0.589396 0.565536 0.021127
v 0.588605 0.566090 0.026151
v 0.588466 0.565863 0.031267
v 0.588985 0.564863 0.036278
v 0.590141 0.563130 0.040992
v 0.591891 0.560730 0.045228
v 0.594167 0.557755 0.048823
v 0.596882 0.554319 0.051639
v 0.599931 0.550555 0.053568
v 0.601557 0.548586 0.054082
v 0.604873 0.544617 0.054551
v 0.608215 0.540693 0.054020
v 0.611457 0.536963 0.052511
v 0.614473 0.533572 0.050081
v 0.617147 0.530650 0.046823
v 0.619376 0.528308 0.042864
v 0.621075 0.526638 0.038354
v 0.622179 0.525703 0.033467
v 0.622645 0.525539 0.028391
v 0.622455 0.526153 0.023321
v 0.621617 0.527520 0.018452
v 0.620162 0.529589 0.013971
v 0.618147 0.532280 0.010051
v 0.615649 0.535489 0.006841
v 0.612764 0.539093 0.004465
v 0.609603 0.542954 0.003015
v 0.606287 0.546923 0.002546
v 0.602945 0.550847 0.003077
v 0.599703 0.554577 0.004586
v 0.596687 0.557968 0.007016
v 0.594013 0.560890 0.010274
v 0.591784 0.563232 0.014234
v 0.590085 0.564902 0.018744
v 0.588981 0.565837 0.023630
v 0.588515 0.566001 0.028706
v 0.588705 0.565387 0.033776
v 0.589543 0.564020 0.038645
v 0.590998 0.561951 0.043126
v 0.593013 0.559260 0.047046
v 0.595511 0.556051 0.050256
v 0.598396 0.552447 0.052632
v 0.602377 0.547597 0.054309
v 0.605713 0.543622 0.054527
v 0.609045 0.539730 0.053748
v 0.612243 0.536070 0.051999
v 0.615185 0.532783 0.049350
v 0.617758 0.529994 0.045902
v 0.619863 0.527813 0.041786
v 0.621420 0.526321 0.037162
v 0.622367 0.525577 0.032207
v 0.622669 0.525608 0.027111
v 0.622315 0.526415 0.022070
v 0.621318 0.527965 0.017279
v 0.619715 0.530200 0.012920
v 0.617570 0.533032 0.009162
v 0.614964 0.536355 0.006149
v 0.611997 0.540039 0.003997
v 0.608783 0.543943 0.002789
v 0.605447 0.547918 0.002570
v 0.602115 0.551810 0.003350
v 0.598917 0.555470 0.005098
v 0.595975 0.558757 0.007747
v 0.593402 0.561546 0.011196
v 0.591297 0.563727 0.015311
v 0.589740 0.565219 0.019935
v 0.588793 0.565964 0.024891
v 0.588490 0.565932 0.029986
v 0.588845 0.565125 0.035027
v 0.589842 0.563575 0.039818
v 0.591445 0.561341 0.044177
v 0.593590 0.558508 0.047935
v 0.596196 0.555185 0.050948
v 0.599163 0.551501 0.053100
v 0.600737 0.549576 0.053855
v 0.604032 0.545613 0.054574
v 0.607386 0.541655 0.054293
v 0.610671 0.537856 0.053023
v 0.613760 0.534361 0.050812
v 0.616535 0.531305 0.047745
v 0.618889 0.528804 0.043941
v 0.620731 0.526955 0.039545
v 0.621991 0.525830 0.034727
v 0.622621 0.525470 0.029671
v 0.622595 0.525891 0.024572
v 0.621916 0.527076 0.019626
v 0.620609 0.528979 0.015023
v 0.618724 0.531527 0.010939
v 0.616334 0.534623 0.007533
v 0.613531 0.538147 0.004934
v 0.610423 0.541964 0.003242
v 0.607128 0.545927 0.002523
v 0.603774 0.549885 0.002804
v 0.600489 0.553684 0.004074
v 0.597400 0.557179 0.006285
v 0.594625 0.560235 0.009352
v 0.592271 0.562736 0.013156
v 0.590429 0.564585 0.017552
v 0.589169 0.565710 0.022370
v 0.588539 0.566070 0.027426
v 0.588565 0.565649 0.032525
v 0.589244 0.564464 0.037471
v 0.590551 0.562561 0.042074
v 0.592436 0.560013 0.046158
v 0.594826 0.556917 0.049564
v 0.597629 0.553393 0.052164
v 0.602787 0.547102 0.054422
v 0.606134 0.543124 0.054515
v 0.609459 0.539248 0.053611
v 0.612636 0.535623 0.051744
v 0.615542 0.532388 0.048985
v 0.618064 0.529667 0.045441
v 0.620107 0.527565 0.041247
v 0.621592 0.526162 0.036566
v 0.622461 0.525513 0.031576
v 0.622682 0.525643 0.026471
v 0.622245 0.526546 0.021445
v 0.621168 0.528187 0.016692
v 0.619492 0.530505 0.012394
v 0.617281 0.533409 0.008718
v 0.614621 0.536788 0.005803
v 0.611613 0.540512 0.003763
v 0.608373 0.544438 0.002675
v 0.605026 0.548416 0.002582
v 0.601701 0.552292 0.003486
v 0.598524 0.555917 0.005353
v 0.595618 0.559152 0.008112
v 0.593096 0.561873 0.011656
v 0.591053 0.563975 0.015850
v 0.589568 0.565378 0.020531
v 0.588699 0.566027 0.025521
v 0.588478 0.565897 0.030626
v 0.588915 0.564994 0.035652
v 0.589992 0.563353 0.040405
v 0.591668 0.561035 0.044703
v 0.593879 0.558131 0.048379
v 0.596539 0.554752 0.051294
v 0.599547 0.551028 0.053334
v 0.601147 0.549081 0.053968
v 0.604452 0.545115 0.054562
v 0.607801 0.541174 0.054157
v 0.611064 0.537410 0.052767
v 0.614116 0.533967 0.050446
v 0.616841 0.530977 0.047284
v 0.619132 0.528556 0.043402
v 0.620903 0.526797 0.038949
v 0.622085 0.525766 0.034097
v 0.622633 0.525505 0.029031
v 0.622525 0.526022 0.023947
v 0.621766 0.527298 0.019039
v 0.620385 0.529284 0.014497
v 0.618436 0.531903 0.010495
v 0.615992 0.535056 0.007187
v 0.613148 0.538620 0.004699
v 0.610013 0.542459 0.003129
v 0.606708 0.546425 0.002535
v 0.603359 0.550366 0.002940
v 0.600096 0.554130 0.004330
v 0.597044 0.557573 0.006651
v 0.594319 0.560563 0.009813
v 0.592028 0.562984 0.013695
v 0.590257 0.564743 0.018148
v 0.589075 0.565774 0.023000
v 0.588527 0.566035 0.028066
v 0.588635 0.565518 0.033150
v 0.589394 0.564242 0.038058
v 0.590775 0.562256 0.042600
v 0.592724 0.559637 0.046602
v 0.595168 0.556484 0.049910
v 0.598012 0.552920 0.052398
v 0.601967 0.548091 0.054195
v 0.605293 0.544120 0.054539
v 0.608630 0.540211 0.053884
v 0.611850 0.536516 0.052255
v 0.614829 0.533177 0.049716
v 0.617452 0.530322 0.046362
v 0.619620 0.528060 0.042325
v 0.621247 0.526479 0.037758
v 0.622273 0.525640 0.032837
v 0.622657 0.525574 0.027751
v 0.622385 0.526284 0.022696
v 0.621467 0.527743 0.017865
v 0.619939 0.529894 0.013446
v 0.617858 0.532656 0.009606
v 0.615306 0.535922 0.006495
v 0.612380 0.539566 0.004231
v 0.609193 0.543449 0.002902
v 0.605867 0.547420 0.002558
v 0.602530 0.551329 0.003213
v 0.599310 0.555024 0.004842
v 0.596331 0.558363 0.007381
v 0.593708 0.561218 0.010735
v 0.591540 0.563480 0.014772
v 0.589913 0.565061 0.019339
v 0.588887 0.565900 0.024260
v 0.588503 0.565966 0.029346
v 0.588775 0.565256 0.034401
v 0.589693 0.563797 0.039232
v 0.591221 0.561646 0.043651
v 0.593302 0.558884 0.047491
v 0.595854 0.555618 0.050602
v 0.598780 0.551974 0.052866
v 0.600327 0.550071 0.053742
v 0.603612 0.546110 0.054586
v 0.606971 0.542137 0.054430
v 0.610278 0.538303 0.053279
v 0.613404 0.534756 0.051177
v 0.616229 0.531632 0.048206
v 0.618645 0.529052 0.044480
v 0.620559 0.527114 0.040141
v 0.621897 0.525893 0.035357
v 0.622608 0.525436 0.030311
v 0.622665 0.525760 0.025198
v 0.622065 0.526853 0.020213
v 0.620832 0.528673 0.015549
v 0.619013 0.531151 0.011384
v 0.616677 0.534190 0.007879
v 0.613915 0.537674 0.005168
v 0.610833 0.541469 0.003355
v 0.607548 0.545430 0.002511
v 0.604189 0.549403 0.002668
v 0.600882 0.553237 0.003819
v 0.597756 0.556784 0.005920
v 0.594931 0.559908 0.008891
v 0.592515 0.562488 0.012617
v 0.590601 0.564426 0.016956
v 0.589263 0.565647 0.021740
v 0.588552 0.566104 0.026786
v 0.588495 0.565780 0.031899
v 0.589095 0.564687 0.036884
v 0.590328 0.562867 0.041549
v 0.592147 0.560389 0.045713
v 0.594483 0.557350 0.049219
v 0.597245 0.553866 0.051929
v 0.603299 0.546483 0.054564
v 0.606659 0.542502 0.054501
v 0.609978 0.538647 0.053441
v 0.613127 0.535065 0.051424
v 0.615987 0.531895 0.048528
v 0.618447 0.529258 0.044864
v 0.620412 0.527255 0.040574
v 0.621807 0.525964 0.035821
v 0.622579 0.525434 0.030789
v 0.622697 0.525686 0.025671
v 0.622158 0.526709 0.020663
v 0.620981 0.528465 0.015958
v 0.619213 0.530886 0.011737
v 0.616921 0.533879 0.008163
v 0.614193 0.537329 0.005371
v 0.611134 0.541103 0.003470
v 0.607861 0.545057 0.002534
v 0.604501 0.549038 0.002596
v 0.601182 0.552893 0.003657
v 0.598033 0.556475 0.005673
v 0.595173 0.559645 0.008569
v 0.592713 0.562283 0.012233
v 0.590748 0.564285 0.016523
v 0.589353 0.565576 0.021276
v 0.588581 0.566106 0.026308
v 0.588463 0.565854 0.031427
v 0.589002 0.564831 0.036434
v 0.590179 0.563075 0.041139
v 0.591947 0.560654 0.045360
v 0.594239 0.557661 0.048935
v 0.596967 0.554211 0.051726
v 0.600026 0.550437 0.053627
v 0.601659 0.548463 0.054110
v 0.604978 0.544493 0.054548
v 0.608319 0.540572 0.053986
v 0.611555 0.536851 0.052447
v 0.614562 0.533473 0.049990
v 0.617223 0.530568 0.046708
v 0.619437 0.528246 0.042729
v 0.621118 0.526598 0.038205
v 0.622203 0.525687 0.033309
v 0.622648 0.525548 0.028231
v 0.622438 0.526186 0.023165
v 0.621579 0.527576 0.018306
v 0.620106 0.529665 0.013840
v 0.618075 0.532374 0.009940
v 0.615563 0.535597 0.006755
v 0.612668 0.539211 0.004407
v 0.609501 0.543077 0.002987
v 0.606182 0.547047 0.002549
v 0.602841 0.550968 0.003111
v 0.599605 0.554689 0.004650
v 0.596598 0.558067 0.007107
v 0.593937 0.560972 0.010389
v 0.591723 0.563294 0.014368
v 0.590042 0.564942 0.018893
v 0.588957 0.565853 0.023788
v 0.588512 0.565992 0.028866
v 0.588722 0.565355 0.033932
v 0.589581 0.563964 0.038791
v 0.591054 0.561875 0.043257
v 0.593085 0.559166 0.047157
v 0.595597 0.555943 0.050343
v 0.598492 0.552329 0.052690
v 0.602479 0.547473 0.054337
v 0.605818 0.543497 0.054524
v 0.609148 0.539609 0.053713
v 0.612341 0.535958 0.051935
v 0.615274 0.532684 0.049259
v 0.617835 0.529913 0.045786
v 0.619924 0.527751 0.041651
v 0.621463 0.526281 0.037013
v 0.622391 0.525561 0.032049
v 0.622673 0.525617 0.026951
v 0.622298 0.526447 0.021914
v 0.621280 0.528021 0.017132
v 0.619660 0.530276 0.012789
v 0.617498 0.533126 0.009051
v 0.614878 0.536463 0.006063
v 0.611901 0.540157 0.003939
v 0.608681 0.544067 0.002760
v 0.605342 0.548043 0.002573
v 0.602012 0.551931 0.003384
v 0.598819 0.555582 0.005162
v 0.595886 0.558856 0.007838
v 0.593325 0.561627 0.011311
v 0.591236 0.563789 0.015446
v 0.589697 0.565259 0.020084
v 0.588769 0.565979 0.025048
v 0.588487 0.565923 0.030146
v 0.588862 0.565093 0.035183
v 0.589880 0.563519 0.039965
v 0.591500 0.561264 0.044308
v 0.593662 0.558414 0.048046
v 0.596282 0.555077 0.051034
v 0.599259 0.551383 0.053158
v 0.600840 0.549452 0.053883
v 0.604137 0.545488 0.054571
v 0.607490 0.541535 0.054259
v 0.610769 0.537745 0.052959
v 0.613849 0.534263 0.050720
v 0.616611 0.531223 0.047630
v 0.618950 0.528742 0.043806
v 0.620774 0.526916 0.039396
v 0.622015 0.525814 0.034569
v 0.622624 0.525479 0.029511
v 0.622578 0.525924 0.024416
v 0.621878 0.527131 0.019479
v 0.620553 0.529055 0.014891
v 0.618652 0.531621 0.010828
v 0.616249 0.534731 0.007446
v 0.613436 0.538265 0.004875
v 0.610320 0.542088 0.003214
v 0.607023 0.546052 0.002526
v 0.603670 0.550005 0.002838
v 0.600391 0.553795 0.004138
v 0.597311 0.557277 0.006377
v 0.594549 0.560317 0.009467
v 0.592210 0.562798 0.013291
v 0.590386 0.564624 0.017701
v 0.589145 0.565726 0.022528
v 0.588536 0.566061 0.027586
v 0.588582 0.565616 0.032681
v 0.589282 0.564409 0.037618
v 0.590607 0.562485 0.042206
v 0.592508 0.559919 0.046269
v 0.594911 0.556809 0.049651
v 0.597724 0.553275 0.052222
v 0.602889 0.546978 0.054450
v 0.606239 0.543000 0.054512
v 0.609563 0.539128 0.053577
v 0.612734 0.535511 0.051680
v 0.615631 0.532289 0.048893
v 0.618141 0.529585 0.045325
v 0.620168 0.527503 0.041113
v 0.621635 0.526123 0.036417
v 0.622485 0.525497 0.031419
v 0.622685 0.525651 0.026311
v 0.622228 0.526578 0.021288
v 0.621131 0.528243 0.016545
v 0.619436 0.530581 0.012263
v 0.617209 0.533503 0.008607
v 0.614535 0.536896 0.005717
v 0.611517 0.540630 0.003705
v 0.608271 0.544562 0.002647
v 0.604921 0.548540 0.002585
v 0.601597 0.552412 0.003520
v 0.598426 0.556028 0.005417
v 0.595529 0.559251 0.008204
v 0.593019 0.561955 0.011772
v 0.590992 0.564037 0.015985
v 0.589525 0.565417 0.020680
v 0.588675 0.566043 0.025678
v 0.588475 0.565889 0.030786
v 0.588932 0.564962 0.035809
v 0.590029 0.563297 0.040552
v 0.591724 0.560959 0.044834
v 0.593951 0.558037 0.048490
v 0.596625 0.554644 0.051380
v 0.599643 0.550910 0.053393
v 0.601250 0.548957 0.053997
v 0.604557 0.544991 0.054560
v 0.607904 0.541054 0.054123
v 0.611162 0.537298 0.052703
v 0.614205 0.533868 0.050355
v 0.616917 0.530895 0.047169
v 0.619193 0.528494 0.043268
v 0.620946 0.526757 0.038800
v 0.622109 0.525750 0.033939
v 0.622636 0.525513 0.028871
v 0.622508 0.526055 0.023790
v 0.621729 0.527354 0.018893
v 0.620330 0.529360 0.014366
v 0.618363 0.531997 0.010384
v 0.615906 0.535164 0.007100
v 0.613052 0.538738 0.004641
v 0.609910 0.542583 0.003100
v 0.606603 0.546549 0.002538
v 0.603256 0.550486 0.002974
v 0.599998 0.554242 0.004394
v 0.596955 0.557672 0.006742
v 0.594243 0.560645 0.009928
v 0.591967 0.563046 0.013829
v 0.590214 0.564783 0.018297
v 0.589051 0.565790 0.023158
v 0.588524 0.566027 0.028226
v 0.588652 0.565485 0.033307
v 0.589431 0.564187 0.038205
v 0.590830 0.562180 0.042731
v 0.592797 0.559543 0.046713
v 0.595254 0.556376 0.049997
v 0.598108 0.552802 0.052456
v 0.602069 0.547968 0.054223
v 0.605398 0.543995 0.054536
v 0.608734 0.540091 0.053850
v 0.611948 0.536405 0.052191
v 0.614918 0.533079 0.049624
v 0.617529 0.530240 0.046247
v 0.619681 0.527999 0.042190
v 0.621291 0.526440 0.037609
v 0.622297 0.525624 0.032679
v 0.622660 0.525582 0.027591
v 0.622368 0.526316 0.022539
v 0.621430 0.527798 0.017719
v 0.619883 0.529971 0.013314
v 0.617786 0.532750 0.009495
v 0.615221 0.536030 0.006409
v 0.612285 0.539684 0.004173
v 0.609091 0.543572 0.002874
v 0.605762 0.547545 0.002561
v 0.602426 0.551449 0.003247
v 0.599212 0.555135 0.004906
v 0.596242 0.558461 0.007473
v 0.593631 0.561300 0.010850
v 0.591479 0.563542 0.014907
v 0.589869 0.565100 0.019488
v 0.588863 0.565916 0.024418
v 0.588500 0.565958 0.029506
v 0.588792 0.565224 0.034558
v 0.589730 0.563742 0.039378
v 0.591277 0.561569 0.043783
v 0.593374 0.558790 0.047602
v 0.595939 0.555510 0.050688
v 0.598876 0.551856 0.052924
v 0.600430 0.549947 0.053770
v 0.603717 0.545986 0.054583
v 0.607075 0.542017 0.054395
v 0.610376 0.538191 0.053215
v 0.613493 0.534657 0.051086
v 0.616305 0.531550 0.048091
v 0.618706 0.528990 0.044345
v 0.620602 0.527074 0.039992
v 0.621921 0.525877 0.035200
v 0.622611 0.525444 0.030151
v 0.622648 0.525793 0.025041
v 0.622028 0.526909 0.020066
v 0.620776 0.528750 0.015417
v 0.618941 0.531245 0.011273
v 0.616591 0.534298 0.007792
v 0.613819 0.537792 0.005109
v 0.610730 0.541593 0.003327
v 0.607443 0.545554 0.002514
v 0.604085 0.549523 0.002702
v 0.600784 0.553349 0.003882
v 0.597667 0.556883 0.006011
v 0.594855 0.559990 0.009006
v 0.592454 0.562550 0.012752
v 0.590558 0.564466 0.017105
v 0.589239 0.565663 0.021898
v 0.588549 0.566096 0.026946
v 0.588512 0.565747 0.032056
v 0.589132 0.564631 0.037031
v 0.590384 0.562790 0.041680
v 0.592219 0.560295 0.045824
v 0.594569 0.557242 0.049305
v 0.597341 0.553748 0.051988
v 0.603094 0.546731 0.054507
v 0.606449 0.542751 0.054507
v 0.609770 0.538887 0.053509
v 0.612931 0.535288 0.051552
v 0.615809 0.532092 0.048711
v 0.618294 0.529421 0.045095
v 0.620290 0.527379 0.040843
v 0.621721 0.526043 0.036119
v 0.622532 0.525466 0.031104
v 0.622691 0.525669 0.025991
v 0.622193 0.526644 0.020976
v 0.621056 0.528354 0.016252
v 0.619325 0.530734 0.012000
v 0.617065 0.533691 0.008385
v 0.614364 0.537113 0.005544
v 0.611325 0.540867 0.003588
v 0.608066 0.544810 0.002590
v 0.604711 0.548789 0.002590
v 0.601390 0.552653 0.003588
v 0.598229 0.556252 0.005545
v 0.595351 0.559448 0.008386
v 0.592866 0.562119 0.012002
v 0.590870 0.564161 0.016254
v 0.589439 0.565497 0.020978
v 0.588628 0.566074 0.025993
v 0.588469 0.565871 0.031107
v 0.588967 0.564896 0.036122
v 0.590104 0.563186 0.040846
v 0.591835 0.560806 0.045097
v 0.594095 0.557849 0.048712
v 0.596796 0.554427 0.051553
v 0.599835 0.550673 0.053510
v 0.601454 0.548710 0.054053
v 0.604767 0.544742 0.054554
v 0.608112 0.540813 0.054054
v 0.611359 0.537075 0.052575
v 0.614384 0.533671 0.050172
v 0.617070 0.530731 0.046939
v 0.619315 0.528370 0.042998
v 0.621032 0.526678 0.038502
v 0.622156 0.525719 0.033624
v 0.622642 0.525531 0.028551
v 0.622473 0.526120 0.023478
v 0.621654 0.527465 0.018599
v 0.620218 0.529513 0.014103
v 0.618219 0.532186 0.010162
v 0.615735 0.535381 0.006927
v 0.612860 0.538975 0.004524
v 0.609706 0.542830 0.003044
v 0.606393 0.546798 0.002543
v 0.603048 0.550727 0.003043
v 0.599801 0.554465 0.004522
v 0.596776 0.557869 0.006925
v 0.594090 0.560809 0.010158
v 0.591845 0.563170 0.014099
v 0.590128 0.564862 0.018595
v 0.589004 0.565821 0.023473
v 0.588518 0.566009 0.028546
v 0.588687 0.565420 0.033620
v 0.589506 0.564075 0.038498
v 0.590942 0.562027 0.042994
v 0.592941 0.559354 0.046935
v 0.595425 0.556159 0.050170
v 0.598300 0.552565 0.052573
v 0.602274 0.547720 0.054280
v 0.605608 0.543746 0.054530
v 0.608941 0.539850 0.053782
v 0.612145 0.536181 0.052063
v 0.615096 0.532881 0.049442
v 0.617682 0.530076 0.046017
v 0.619802 0.527875 0.041921
v 0.621377 0.526361 0.037311
v 0.622344 0.525592 0.032364
v 0.622666 0.525600 0.027271
v 0.622333 0.526382 0.022227
v 0.621355 0.527909 0.017425
v 0.619771 0.530123 0.013052
v 0.617642 0.532938 0.009273
v 0.615049 0.536247 0.006236
v 0.612093 0.539921 0.004056
v 0.608886 0.543820 0.002817
v 0.605552 0.547794 0.002567
v 0.602219 0.551690 0.003315
v 0.599015 0.555359 0.005034
v 0.596064 0.558659 0.007656
v 0.593478 0.561464 0.011080
v 0.591358 0.563665 0.015176
v 0.589783 0.565180 0.019786
v 0.588816 0.565948 0.024733
v 0.588494 0.565940 0.029826
v 0.588827 0.565158 0.034871
v 0.589805 0.563631 0.039672
v 0.591389 0.561417 0.044046
v 0.593518 0.558602 0.047824
v 0.596111 0.555293 0.050861
v 0.599067 0.551619 0.053041
v 0.600635 0.549700 0.053827
v 0.603927 0.545737 0.054577
v 0.607282 0.541776 0.054327
v 0.610573 0.537968 0.053087
v 0.613671 0.534460 0.050903
v 0.616458 0.531386 0.047861
v 0.618828 0.528866 0.044076
v 0.620688 0.526995 0.039694
v 0.621968 0.525845 0.034884
v 0.622617 0.525461 0.029831
v 0.622613 0.525858 0.024729
v 0.621953 0.527020 0.019773
v 0.620665 0.528902 0.015154
v 0.618796 0.531433 0.011050
v 0.616420 0.534515 0.007619
v 0.613627 0.538029 0.004992
v 0.610525 0.541840 0.003270
v 0.607233 0.545803 0.002520
v 0.603878 0.549764 0.002770
v 0.600587 0.553572 0.004010
v 0.597489 0.557080 0.006194
v 0.594702 0.560153 0.009237
v 0.592332 0.562674 0.013021
v 0.590472 0.564545 0.017403
v 0.589192 0.565695 0.022213
v 0.588543 0.566078 0.027266
v 0.588547 0.565682 0.032368
v 0.589207 0.564520 0.037324
v 0.590495 0.562638 0.041943
v 0.592364 0.560107 0.046047
v 0.594740 0.557025 0.049478
v 0.597533 0.553511 0.052105
v 0.602684 0.547225 0.054394
v 0.606028 0.543249 0.054518
v 0.609356 0.539369 0.053645
v 0.612538 0.535735 0.051808
v 0.615452 0.532487 0.049076
v 0.617988 0.529749 0.045556
v 0.620046 0.527627 0.041382
v 0.621549 0.526202 0.036715
v 0.622438 0.525529 0.031734
v 0.622679 0.525634 0.026631
v 0.622263 0.526513 0.021601
v 0.621205 0.528132 0.016838
v 0.619548 0.530428 0.012526
v 0.617353 0.533315 0.008829
v 0.614707 0.536680 0.005890
v 0.611709 0.540394 0.003822
v 0.608476 0.544315 0.002704
v 0.605132 0.548291 0.002579
v 0.601804 0.552171 0.003452
v 0.598622 0.555805 0.005290
v 0.595708 0.559053 0.008021
v 0.593172 0.561791 0.011541
v 0.591114 0.563913 0.015715
v 0.589611 0.565338 0.020382
v 0.588722 0.566011 0.025363
v 0.588481 0.565906 0.030466
v 0.588897 0.565027 0.035496
v 0.589954 0.563408 0.040259
v 0.591612 0.561112 0.044571
v 0.593807 0.558225 0.048268
v 0.596453 0.554860 0.051207
v 0.599451 0.551146 0.053275
v 0.601045 0.549205 0.053940
v 0.604347 0.545239 0.054565
v 0.607697 0.541294 0.054191
v 0.610966 0.537521 0.052831
v 0.614027 0.534065 0.050538
v 0.616764 0.531059 0.047400
v 0.619071 0.528618 0.043537
v 0.620860 0.526836 0.039098
v 0.622062 0.525782 0.034254
v 0.622630 0.525496 0.029191
v 0.622543 0.525989 0.024103
v 0.621804 0.527242 0.019186
v 0.620441 0.529208 0.014629
v 0.618508 0.531809 0.010606
v 0.616077 0.534948 0.007273
v 0.613244 0.538502 0.004758
v 0.610115 0.542335 0.003157
v 0.606813 0.546301 0.002532
v 0.603463 0.550246 0.002906
v 0.600194 0.554019 0.004266
v 0.597133 0.557475 0.006559
v 0.594396 0.560481 0.009698
v 0.592089 0.562922 0.013560
v 0.590300 0.564704 0.017999
v 0.589098 0.565758 0.022843
v 0.588530 0.566044 0.027906
v 0.588617 0.565551 0.032994
v 0.589356 0.564298 0.037911
v 0.590719 0.562332 0.042468
v 0.592652 0.559731 0.046491
v 0.595083 0.556593 0.049824
v 0.597916 0.553038 0.052339
v 0.601864 0.548215 0.054167
v 0.605188 0.544244 0.054542
v 0.608526 0.540332 0.053918
v 0.611752 0.536628 0.052319
v 0.614740 0.533276 0.049807
v 0.617376 0.530404 0.046478
v 0.619559 0.528122 0.042459
v 0.621204 0.526519 0.037907
v 0.622250 0.525656 0.032994
v 0.622654 0.525565 0.027911
v 0.622403 0.526251 0.022852
v 0.621505 0.527687 0.018012
v 0.619995 0.529818 0.013577
v 0.617931 0.532562 0.009718
v 0.615392 0.535814 0.006582
v 0.612476 0.539448 0.004290
v 0.609296 0.543325 0.002930
v 0.605972 0.547296 0.002555
v 0.602634 0.551208 0.003179
v 0.599408 0.554912 0.004778
v 0.596420 0.558264 0.007290
v 0.593784 0.561136 0.010619
v 0.591601 0.563418 0.014638
v 0.589956 0.565021 0.019190
v 0.588910 0.565884 0.024103
v 0.588506 0.565975 0.029186
v 0.588757 0.565289 0.034245
v 0.589655 0.563853 0.039085
v 0.591165 0.561722 0.043520
v 0.593229 0.558978 0.047380
v 0.595768 0.555726 0.050515
v 0.598684 0.552092 0.052807
v 0.600225 0.550195 0.053713
v 0.603506 0.546235 0.054589
v 0.606868 0.542257 0.054464
v 0.610180 0.538415 0.053343
v 0.613315 0.534855 0.051269
v 0.616152 0.531714 0.048321
v 0.618584 0.529114 0.044614
v 0.620516 0.527153 0.040290
v 0.621874 0.525909 0.035515
v 0.622605 0.525427 0.030471
v 0.622683 0.525727 0.025354
v 0.622103 0.526798 0.020360
v 0.620888 0.528597 0.015680
v 0.619085 0.531057 0.011495
v 0.616763 0.534082 0.007965
v 0.614011 0.537556 0.005226
v 0.610935 0.541345 0.003384
v 0.607654 0.545305 0.002508
v 0.604292 0.549283 0.002633
v 0.600980 0.553125 0.003755
v 0.597845 0.556685 0.005829
v 0.595008 0.559826 0.008776
v 0.592576 0.562426 0.012483
v 0.590644 0.564387 0.016807
v 0.589286 0.565631 0.021583
v 0.588555 0.566113 0.026626
v 0.588477 0.565813 0.031743
v 0.589057 0.564742 0.036737
v 0.590272 0.562943 0.041417
v 0.592075 0.560483 0.045602
v 0.594397 0.557459 0.049132
v 0.597149 0.553984 0.051871
v 0.539373 0.362923 0.004808
v 0.488373 0.423500 0.008076
v 0.539001 0.361321 0.028684
v 0.488000 0.421898 0.031951
v 0.497482 0.327816 0.001800
v 0.446481 0.388393 0.005068
v 0.497109 0.326214 0.025675
v 0.446108 0.386791 0.028943
v 0.587745 0.430922 0.010027
v 0.550363 0.475323 0.012422
v 0.587373 0.429321 0.033902
v 0.549991 0.473722 0.036297
v 0.545624 0.395623 0.007002
v 0.508242 0.440024 0.009397
v 0.545252 0.394022 0.030878
v 0.507870 0.438423 0.033273
v 0.576658 0.540362 0.027983
v 0.578668 0.541121 0.041891
v 0.584383 0.545232 0.052370
v 0.592270 0.551594 0.056612
v 0.600217 0.558501 0.053480
v 0.606094 0.564103 0.043814
v 0.608327 0.566899 0.030203
v 0.606317 0.566140 0.016295
v 0.600602 0.562029 0.005817
v 0.592715 0.555667 0.001575
v 0.584768 0.548760 0.004707
v 0.578891 0.543158 0.014373
v 0.586025 0.530618 0.027338
v 0.587784 0.531638 0.041263
v 0.592813 0.536463 0.051789
v 0.599764 0.543798 0.056096
v 0.606774 0.551680 0.053028
v 0.611965 0.557995 0.043409
v 0.613947 0.561052 0.029816
v 0.612188 0.560032 0.015891
v 0.607159 0.555207 0.005365
v 0.600208 0.547872 0.001058
v 0.593198 0.539990 0.004126
v 0.588006 0.533675 0.013745
v 0.596586 0.522175 0.026798
v 0.598062 0.523422 0.040738
v 0.602318 0.528864 0.051304
v 0.608212 0.537044 0.055664
v 0.614167 0.545770 0.052651
v 0.618585 0.552704 0.043071
v 0.620284 0.555987 0.029492
v 0.618807 0.554740 0.015553
v 0.614552 0.549298 0.004987
v 0.608657 0.541118 0.000627
v 0.602703 0.532392 0.003640
v 0.598284 0.525459 0.013220
v 0.608161 0.515179 0.026374
v 0.609327 0.516613 0.040325
v 0.612735 0.522568 0.050922
v 0.617472 0.531447 0.055325
v 0.622269 0.540873 0.052354
v 0.625840 0.548318 0.042805
v 0.627228 0.551789 0.029238
v 0.626062 0.550355 0.015287
v 0.622654 0.544400 0.004690
v 0.617917 0.535521 0.000287
v 0.613120 0.526095 0.003258
v 0.609549 0.518650 0.012807
v 0.620551 0.509749 0.026072
v 0.621385 0.511329 0.040032
v 0.623887 0.517681 0.050650
v 0.627385 0.527103 0.055083
v 0.630942 0.537072 0.052142
v 0.633606 0.544915 0.042616
v 0.634663 0.548531 0.029057
v 0.633829 0.546952 0.015097
v 0.631327 0.540599 0.004479
v 0.627829 0.531177 0.000046
v 0.624272 0.521208 0.002987
v 0.621608 0.513365 0.012513
v 0.633545 0.505978 0.025898
v 0.634031 0.507658 0.039862
v 0.635581 0.514287 0.050494
v 0.637780 0.524086 0.054944
v 0.640038 0.534432 0.052020
v 0.641751 0.542551 0.042507
v 0.642459 0.546268 0.028952
v 0.641973 0.544588 0.014988
v 0.640423 0.537960 0.004357
v 0.638225 0.528160 -0.000093
v 0.635966 0.517814 0.002830
v 0.634254 0.509695 0.012344
v 0.646921 0.503930 0.025855
v 0.647048 0.505666 0.039820
v 0.647619 0.512444 0.050454
v 0.648480 0.522448 0.054909
v 0.649401 0.532999 0.051990
v 0.650135 0.541268 0.042480
v 0.650485 0.545040 0.028926
v 0.650357 0.543304 0.014961
v 0.649786 0.536526 0.004326
v 0.648925 0.526522 -0.000128
v 0.648004 0.515971 0.002791
v 0.647271 0.507702 0.012301
v 0.660448 0.503641 0.025943
v 0.660214 0.505384 0.039905
v 0.659794 0.512183 0.050533
v 0.659303 0.522217 0.054979
v 0.658871 0.532796 0.052052
v 0.658614 0.541086 0.042535
v 0.658601 0.544866 0.028979
v 0.658836 0.543123 0.015016
v 0.659256 0.536324 0.004388
v 0.659747 0.526290 -0.000058
v 0.660179 0.515711 0.002870
v 0.660436 0.507421 0.012387
v 0.673897 0.505115 0.026160
v 0.673302 0.506819 0.040117
v 0.671898 0.513510 0.050729
v 0.670062 0.523396 0.055154
v 0.668285 0.533828 0.052204
v 0.667043 0.542010 0.042671
v 0.666671 0.545751 0.029109
v 0.667266 0.544047 0.015153
v 0.668670 0.537356 0.004540
v 0.670506 0.527470 0.000116
v 0.672283 0.517038 0.003066
v 0.673524 0.508855 0.012599
v 0.687037 0.508327 0.026504
v 0.686090 0.509945 0.040452
v 0.683724 0.516401 0.051039
v 0.680573 0.525966 0.055429
v 0.677482 0.536077 0.052445
v 0.675279 0.544024 0.042887
v 0.674554 0.547678 0.029316
v 0.675502 0.546061 0.015368
v 0.677868 0.539604 0.004781
v 0.681018 0.530039 0.000391
v 0.684109 0.519929 0.003375
v 0.686312 0.511982 0.012933
v 0.699643 0.513223 0.026968
v 0.698358 0.514710 0.040904
v 0.695069 0.520807 0.051457
v 0.690658 0.529883 0.055800
v 0.686306 0.539504 0.052770
v 0.683181 0.547092 0.043178
v 0.682118 0.550616 0.029594
v 0.683403 0.549129 0.015659
v 0.686692 0.543031 0.005106
v 0.691103 0.533956 0.000763
v 0.695454 0.524335 0.003793
v 0.698580 0.516746 0.013385
v 0.711499 0.519718 0.027545
v 0.709896 0.521031 0.041465
v 0.705739 0.526653 0.051976
v 0.700143 0.535079 0.056261
v 0.694606 0.544050 0.053173
v 0.690612 0.551164 0.043539
v 0.689231 0.554513 0.029940
v 0.690834 0.553200 0.016020
v 0.694991 0.547578 0.005510
v 0.700588 0.539152 0.001224
v 0.706125 0.530181 0.004312
v 0.710118 0.523067 0.013946
v 0.722402 0.527702 0.028224
v 0.720508 0.528800 0.042125
v 0.715553 0.533838 0.052587
v 0.708866 0.541466 0.056804
v 0.702238 0.549639 0.053648
v 0.697446 0.556168 0.043965
v 0.695774 0.559303 0.030348
v 0.697669 0.558204 0.016446
v 0.702623 0.553166 0.005985
v 0.709310 0.545539 0.001767
v 0.715938 0.537366 0.004923
v 0.720730 0.530837 0.014607
v 0.732167 0.537037 0.028994
v 0.730010 0.537885 0.042875
v 0.724341 0.542240 0.053279
v 0.716677 0.548934 0.057420
v 0.709073 0.556173 0.054187
v 0.703567 0.562019 0.044447
v 0.701632 0.564904 0.030809
v 0.703789 0.564056 0.016929
v 0.709459 0.559701 0.006524
v 0.717122 0.553007 0.002383
v 0.724726 0.545768 0.005616
v 0.730233 0.539922 0.015356
v 0.740625 0.547564 0.029841
v 0.738242 0.548131 0.043699
v 0.731953 0.551715 0.054042
v 0.723444 0.557356 0.058098
v 0.714994 0.563543 0.054781
v 0.708868 0.568617 0.044978
v 0.706707 0.571220 0.031318
v 0.709091 0.570654 0.017460
v 0.715379 0.567070 0.007117
v 0.723889 0.561429 0.003061
v 0.732338 0.555242 0.006379
v 0.738464 0.550167 0.016181
v 0.747633 0.559104 0.030752
v 0.745062 0.559361 0.044586
v 0.738260 0.562100 0.054862
v 0.729050 0.566587 0.058827
v 0.719900 0.571620 0.055418
v 0.713261 0.575850 0.045549
v 0.710912 0.578144 0.031864
v 0.713483 0.577887 0.018031
v 0.720285 0.575148 0.007754
v 0.729495 0.570660 0.003790
v 0.738645 0.565627 0.007198
v 0.745284 0.561397 0.017067
v 0.753070 0.571457 0.031710
v 0.750353 0.571383 0.045518
v 0.743153 0.573218 0.055724
v 0.733399 0.576470 0.059593
v 0.723705 0.580268 0.056089
v 0.716668 0.583593 0.046150
v 0.714174 0.585556 0.032439
v 0.716891 0.585630 0.018631
v 0.724090 0.583795 0.008425
v 0.733844 0.580543 0.004556
v 0.743538 0.576746 0.008061
v 0.750575 0.573420 0.018000
v 0.756843 0.584414 0.032699
v 0.754025 0.583993 0.046481
v 0.746549 0.584879 0.056615
v 0.736418 0.586835 0.060385
v 0.726346 0.589337 0.056781
v 0.719033 0.591715 0.046770
v 0.716438 0.593330 0.033033
v 0.719255 0.593751 0.019251
v 0.726731 0.592865 0.009118
v 0.736862 0.590909 0.005348
v 0.746934 0.588407 0.008951
v 0.754247 0.586030 0.018963
v 0.758887 0.597752 0.033703
v 0.756015 0.596974 0.047458
v 0.748389 0.596884 0.057518
v 0.738054 0.597506 0.061188
v 0.727778 0.598674 0.057484
v 0.720315 0.600075 0.047399
v 0.717664 0.601333 0.033635
v 0.720537 0.602112 0.019880
v 0.728163 0.602202 0.009820
v 0.738498 0.601579 0.006151
v 0.748774 0.600411 0.009854
v 0.756237 0.599010 0.019939
v 0.759168 0.611243 0.034704
v 0.756288 0.610104 0.048432
v 0.748642 0.609026 0.058419
v 0.738279 0.608299 0.061988
v 0.727974 0.608118 0.058184
v 0.720491 0.608531 0.048026
v 0.717833 0.609428 0.034236
v 0.720713 0.610568 0.020508
v 0.728360 0.611646 0.010521
v 0.738723 0.612372 0.006951
v 0.749027 0.612553 0.010755
v 0.756511 0.612140 0.020913
v 0.757682 0.624657 0.035685
v 0.754841 0.623158 0.049386
v 0.747304 0.621098 0.059301
v 0.737089 0.619030 0.062773
v 0.726934 0.617508 0.058871
v 0.719559 0.616939 0.048641
v 0.716941 0.617476 0.034824
v 0.719781 0.618975 0.021122
v 0.727319 0.621035 0.011207
v 0.737534 0.623103 0.007736
v 0.747689 0.624626 0.011638
v 0.755064 0.625194 0.021868
v 0.754452 0.637764 0.036629
v 0.751698 0.635913 0.050305
v 0.744397 0.632894 0.060151
v 0.734505 0.629515 0.063528
v 0.724673 0.626682 0.059532
v 0.717535 0.625154 0.049233
v 0.715003 0.625340 0.035390
v 0.717757 0.627190 0.021714
v 0.725058 0.630210 0.011868
v 0.734950 0.633588 0.008491
v 0.744782 0.636422 0.012487
v 0.751921 0.637950 0.022786
v 0.749535 0.650339 0.037520
v 0.746913 0.648151 0.051172
v 0.739972 0.644211 0.060953
v 0.730572 0.639575 0.064241
v 0.721231 0.635485 0.060155
v 0.714453 0.633036 0.049791
v 0.712053 0.632885 0.035925
v 0.714675 0.635072 0.022272
v 0.721616 0.639012 0.012492
v 0.731016 0.643649 0.009204
v 0.740357 0.647739 0.013289
v 0.747135 0.650188 0.023653
v 0.743015 0.662167 0.038342
v 0.740567 0.659663 0.051973
v 0.734104 0.654857 0.061693
v 0.725355 0.649038 0.064899
v 0.716667 0.643764 0.060731
v 0.710366 0.640450 0.050307
v 0.708141 0.639982 0.036419
v 0.710588 0.642486 0.022788
v 0.717052 0.647292 0.013068
v 0.725800 0.653111 0.009862
v 0.734489 0.658385 0.014030
v 0.740790 0.661699 0.024454
v 0.735003 0.673047 0.039083
v 0.732770 0.670251 0.052693
v 0.726893 0.664649 0.062360
v 0.718946 0.657742 0.065491
v 0.711058 0.651380 0.061250
v 0.705344 0.647269 0.050771
v 0.703334 0.646510 0.036863
v 0.705566 0.649306 0.023252
v 0.711443 0.654908 0.013586
v 0.719390 0.661815 0.010454
v 0.727278 0.668176 0.014696
v 0.732992 0.672287 0.025175
v 0.725636 0.682791 0.039728
v 0.723654 0.679734 0.053322
v 0.718463 0.673419 0.062941
v 0.711452 0.665537 0.066008
v 0.704502 0.658201 0.061701
v 0.699473 0.653377 0.051175
v 0.697714 0.652356 0.037250
v 0.699695 0.655413 0.023657
v 0.704887 0.661729 0.014038
v 0.711897 0.669610 0.010971
v 0.718848 0.676946 0.015277
v 0.723877 0.681771 0.025803
v 0.715075 0.691233 0.040268
v 0.713376 0.687950 0.053847
v 0.708958 0.681017 0.063426
v 0.703003 0.672291 0.066439
v 0.697109 0.664111 0.062079
v 0.692853 0.658668 0.051514
v 0.691377 0.657422 0.037574
v 0.693076 0.660705 0.023995
v 0.697494 0.667639 0.014416
v 0.703448 0.676364 0.011402
v 0.709343 0.684544 0.015763
v 0.713598 0.689987 0.026328
v 0.703500 0.698230 0.040692
v 0.702111 0.694759 0.054260
v 0.698540 0.687313 0.063808
v 0.693744 0.677888 0.066779
v 0.689006 0.669008 0.062376
v 0.685598 0.663054 0.051780
v 0.684432 0.661619 0.037828
v 0.685821 0.665090 0.024261
v 0.689391 0.672536 0.014713
v 0.694188 0.681961 0.011742
v 0.698925 0.690841 0.016144
v 0.702334 0.696795 0.026741
v 0.691109 0.703660 0.040994
v 0.690053 0.700043 0.054553
v 0.687389 0.692200 0.064080
v 0.683831 0.682232 0.067020
v 0.680333 0.672809 0.062587
v 0.677832 0.666457 0.051969
v 0.676998 0.664878 0.038010
v 0.678054 0.668494 0.024450
v 0.680718 0.676337 0.014924
v 0.684276 0.686305 0.011983
v 0.687774 0.695728 0.016416
v 0.690275 0.702080 0.027035
v 0.678115 0.707431 0.041168
v 0.677407 0.703714 0.054723
v 0.675694 0.695594 0.064236
v 0.673436 0.685249 0.067160
v 0.671237 0.675449 0.062709
v 0.669687 0.668821 0.052078
v 0.669201 0.667140 0.038114
v 0.669910 0.670858 0.024559
v 0.671622 0.678977 0.015046
v 0.673881 0.689322 0.012122
v 0.676079 0.699122 0.016573
v 0.677629 0.705750 0.027204
v 0.664740 0.709479 0.041211
v 0.664390 0.705706 0.054765
v 0.663656 0.697437 0.064275
v 0.662736 0.686887 0.067194
v 0.661874 0.676883 0.062740
v 0.661304 0.670104 0.052105
v 0.661176 0.668369 0.038140
v 0.661526 0.672141 0.024587
v 0.662260 0.680410 0.015076
v 0.663180 0.690960 0.012157
v 0.664041 0.700965 0.016612
v 0.664612 0.707743 0.027246
v 0.651212 0.709768 0.041124
v 0.651225 0.705988 0.054679
v 0.651481 0.697698 0.064196
v 0.651913 0.687119 0.067124
v 0.652405 0.677085 0.062678
v 0.652824 0.670286 0.052050
v 0.653059 0.668543 0.038087
v 0.653047 0.672322 0.024532
v 0.652790 0.680613 0.015015
v 0.652358 0.691192 0.012087
v 0.651866 0.701225 0.016533
v 0.651447 0.708025 0.027161
v 0.637763 0.708294 0.040906
v 0.638136 0.704553 0.054468
v 0.639377 0.696371 0.064000
v 0.641154 0.685939 0.066950
v 0.642991 0.676053 0.062526
v 0.644395 0.669362 0.051914
v 0.644990 0.667658 0.037957
v 0.644617 0.671398 0.024395
v 0.643376 0.679581 0.014862
v 0.641599 0.690013 0.011913
v 0.639762 0.699899 0.016337
v 0.638358 0.706590 0.026949
v 0.624623 0.705081 0.040562
v 0.625349 0.701427 0.054133
v 0.627552 0.693480 0.063691
v 0.630643 0.683369 0.066675
v 0.633793 0.673804 0.062285
v 0.636159 0.667348 0.051698
v 0.637106 0.665730 0.037750
v 0.636381 0.669385 0.024179
v 0.634178 0.677332 0.014622
v 0.631087 0.687443 0.011638
v 0.627937 0.697007 0.016027
v 0.625571 0.703464 0.026614
v 0.612018 0.700186 0.040098
v 0.613081 0.696662 0.053681
v 0.616206 0.689074 0.063273
v 0.620558 0.679453 0.066303
v 0.624969 0.670377 0.061960
v 0.628258 0.664280 0.051407
v 0.629543 0.662793 0.037472
v 0.628480 0.666316 0.023889
v 0.625354 0.673905 0.014297
v 0.621003 0.683526 0.011266
v 0.616592 0.692601 0.015610
v 0.613303 0.698699 0.026163
v 0.600162 0.693690 0.039521
v 0.601542 0.690341 0.053120
v 0.605536 0.683228 0.062754
v 0.611073 0.674257 0.065842
v 0.616670 0.665831 0.061557
v 0.620826 0.660208 0.051046
v 0.622429 0.658896 0.037126
v 0.621049 0.662245 0.023527
v 0.617055 0.669358 0.013893
v 0.611518 0.678330 0.010805
v 0.605921 0.686756 0.015091
v 0.601764 0.692378 0.025602
v 0.589258 0.685707 0.038842
v 0.590931 0.682572 0.052459
v 0.595723 0.676043 0.062143
v 0.602350 0.667870 0.065299
v 0.609037 0.660242 0.061081
v 0.613992 0.655204 0.050620
v 0.615887 0.654106 0.036719
v 0.614214 0.657241 0.023102
v 0.609422 0.663770 0.013418
v 0.602795 0.671943 0.010262
v 0.596108 0.679570 0.014480
v 0.591153 0.684608 0.024941
v 0.579494 0.676372 0.038073
v 0.581428 0.673487 0.051710
v 0.586935 0.667641 0.061450
v 0.594539 0.660402 0.064683
v 0.602202 0.653708 0.060542
v 0.607872 0.649353 0.050138
v 0.610028 0.648505 0.036257
v 0.608094 0.651390 0.022619
v 0.602587 0.657235 0.012879
v 0.594983 0.664475 0.009646
v 0.587320 0.671169 0.013787
v 0.581650 0.675523 0.024192
v 0.571035 0.665844 0.037225
v 0.573196 0.663241 0.050885
v 0.579322 0.658167 0.060688
v 0.587772 0.651980 0.064005
v 0.596281 0.646339 0.059949
v 0.602570 0.642755 0.049606
v 0.604953 0.642188 0.035748
v 0.602792 0.644791 0.022088
v 0.596666 0.649866 0.012286
v 0.588217 0.656053 0.008968
v 0.579707 0.661694 0.013024
v 0.573418 0.665278 0.023367
v 0.564028 0.654305 0.036314
v 0.566376 0.652011 0.049999
v 0.573015 0.647781 0.059868
v 0.582166 0.642748 0.063277
v 0.591376 0.638261 0.059312
v 0.598178 0.635522 0.049036
v 0.600749 0.635265 0.035202
v 0.598400 0.637559 0.021517
v 0.591761 0.641789 0.011648
v 0.582610 0.646822 0.008240
v 0.573400 0.651309 0.012205
v 0.566599 0.654048 0.022481
v 0.558591 0.641951 0.035356
v 0.561085 0.639989 0.049067
v 0.568122 0.636663 0.059006
v 0.577816 0.632865 0.062510
v 0.587570 0.629614 0.058641
v 0.594770 0.627779 0.048435
v 0.597487 0.627853 0.034627
v 0.594992 0.629815 0.020917
v 0.587955 0.633141 0.010977
v 0.578261 0.636939 0.007473
v 0.568507 0.640190 0.011342
v 0.561308 0.642025 0.021548
v 0.554818 0.628995 0.034367
v 0.557413 0.627379 0.048104
v 0.564727 0.625002 0.058115
v 0.574798 0.622500 0.061719
v 0.584929 0.620544 0.057948
v 0.592405 0.619658 0.047815
v 0.595223 0.620079 0.034033
v 0.592627 0.621694 0.020296
v 0.585314 0.624071 0.010285
v 0.575243 0.626573 0.006681
v 0.565112 0.628529 0.010452
v 0.557636 0.629416 0.020585
v 0.552773 0.615657 0.033363
v 0.555424 0.614398 0.047127
v 0.562886 0.612998 0.057212
v 0.573162 0.611829 0.060916
v 0.583498 0.611207 0.057246
v 0.591124 0.611297 0.047186
v 0.593996 0.612076 0.033431
v 0.591346 0.613334 0.019667
v 0.583883 0.614735 0.009582
v 0.573607 0.615903 0.005879
v 0.563272 0.616525 0.009548
v 0.555646 0.616435 0.019608
v 0.552492 0.602165 0.032362
v 0.555150 0.601268 0.046153
v 0.562633 0.600855 0.056311
v 0.572937 0.601036 0.060115
v 0.583301 0.601763 0.056545
v 0.590947 0.602841 0.046559
v 0.593827 0.603981 0.032831
v 0.591170 0.604878 0.019040
v 0.583686 0.605291 0.008882
v 0.573382 0.605110 0.005078
v 0.563018 0.604383 0.008648
v 0.555372 0.603305 0.018634
v 0.553979 0.588751 0.031382
v 0.556597 0.588214 0.045199
v 0.563972 0.588783 0.055429
v 0.574127 0.590305 0.059330
v 0.584342 0.592374 0.055859
v 0.591879 0.594433 0.045944
v 0.594719 0.595933 0.032242
v 0.592102 0.596470 0.018425
v 0.584727 0.595901 0.008195
v 0.574571 0.594379 0.004293
v 0.564357 0.592311 0.007765
v 0.556819 0.590251 0.017680
v 0.557208 0.575645 0.030438
v 0.559740 0.575459 0.044280
v 0.566878 0.576987 0.054579
v 0.576711 0.579820 0.058575
v 0.586603 0.583199 0.055198
v 0.593903 0.586218 0.045352
v 0.596657 0.588069 0.031676
v 0.594126 0.588255 0.017834
v 0.586988 0.586727 0.007535
v 0.577155 0.583894 0.003538
v 0.567263 0.580515 0.006915
v 0.559962 0.577496 0.016761
v 0.562126 0.563070 0.029547
v 0.564525 0.563221 0.043413
v 0.571303 0.565670 0.053777
v 0.580644 0.569760 0.057863
v 0.590044 0.574396 0.054574
v 0.596985 0.578336 0.044794
v 0.599607 0.580524 0.031141
v 0.597208 0.580373 0.017275
v 0.590429 0.577924 0.006911
v 0.581089 0.573833 0.002825
v 0.571689 0.569197 0.006114
v 0.564748 0.565257 0.015894
v 0.568646 0.551242 0.028724
v 0.570871 0.551709 0.042612
v 0.577172 0.555024 0.053037
v 0.585860 0.560297 0.057204
v 0.594609 0.566117 0.053998
v 0.601072 0.570922 0.044278
v 0.603520 0.573427 0.030648
v 0.601295 0.572959 0.016759
v 0.594994 0.569644 0.006335
v 0.586305 0.564371 0.002167
v 0.577557 0.558552 0.005373
v 0.571093 0.553746 0.015094
vn -0.0443 0.3051 0.9513
vn -0.3643 0.0354 0.9306
vn 0.0739 0.1625 0.9839
vn -0.2462 -0.1074 0.9633
vn 0.1959 0.0187 0.9804
vn -0.1248 -0.2517 0.9597
vn 0.3174 -0.1213 0.9405
vn -0.0044 -0.3925 0.9197
vn 0.4337 -0.2524 0.8650
vn 0.1109 -0.5246 0.8441
vn 0.5404 -0.3694 0.7559
vn 0.2164 -0.6426 0.7350
vn 0.6330 -0.4675 0.6171
vn 0.3079 -0.7415 0.5961
vn 0.7072 -0.5424 0.4535
vn 0.3815 -0.8170 0.4325
vn 0.7598 -0.5906 0.2718
vn 0.4339 -0.8654 0.2508
vn 0.7884 -0.6100 0.0798
vn 0.4627 -0.8846 0.0587
vn 0.7918 -0.5999 -0.1146
vn 0.4668 -0.8739 -0.1355
vn 0.7704 -0.5610 -0.3030
vn 0.4463 -0.8342 -0.3239
vn 0.7253 -0.4954 -0.4780
vn 0.4024 -0.7676 -0.4989
vn 0.6590 -0.4060 -0.6331
vn 0.3373 -0.6773 -0.6539
vn 0.5744 -0.2967 -0.7629
vn 0.2537 -0.5671 -0.7836
vn 0.4750 -0.1717 -0.8631
vn 0.1548 -0.4416 -0.8838
vn 0.3643 -0.0354 -0.9306
vn 0.0443 -0.3051 -0.9513
vn 0.2462 0.1074 -0.9633
vn -0.0739 -0.1625 -0.9839
vn 0.1248 0.2517 -0.9597
vn -0.1959 -0.0187 -0.9804
vn 0.0044 0.3925 -0.9197
vn -0.3174 0.1213 -0.9405
vn -0.1109 0.5246 -0.8441
vn -0.4337 0.2524 -0.8650
vn -0.2164 0.6426 -0.7350
vn -0.5404 0.3694 -0.7559
vn -0.3079 0.7415 -0.5961
vn -0.6330 0.4675 -0.6171
vn -0.3815 0.8170 -0.4325
vn -0.7072 0.5424 -0.4535
vn -0.4339 0.8654 -0.2508
vn -0.7598 0.5906 -0.2718
vn -0.4627 0.8846 -0.0587
vn -0.7884 0.6100 -0.0798
vn -0.4668 0.8739 0.1355
vn -0.7918 0.5999 0.1146
vn -0.4463 0.8342 0.3239
vn -0.7704 0.5610 0.3030
vn -0.4024 0.7676 0.4989
vn -0.7253 0.4954 0.4780
vn -0.3373 0.6773 0.6539
vn -0.6590 0.4060 0.6331
vn -0.2537 0.5671 0.7836
vn -0.5745 0.2967 0.7629
vn -0.1548 0.4416 0.8838
vn -0.4750 0.1717 0.8631
vn 0.0239 0.2419 0.9700
vn 0.1442 0.0985 0.9846
vn 0.2661 -0.0436 0.9629
vn 0.3853 -0.1794 0.9052
vn 0.4971 -0.3037 0.8128
vn 0.5970 -0.4115 0.6886
vn 0.6807 -0.4982 0.5371
vn 0.7443 -0.5599 0.3641
vn 0.7849 -0.5938 0.1767
vn 0.8009 -0.5985 -0.0169
vn 0.7919 -0.5739 -0.2088
vn 0.7585 -0.5215 -0.3909
vn 0.7026 -0.4438 -0.5562
vn 0.6270 -0.3443 -0.6988
vn 0.5347 -0.2269 -0.8140
vn 0.4294 -0.0961 -0.8980
vn 0.3149 0.0436 -0.9481
vn 0.1950 0.1874 -0.9627
vn 0.0739 0.3303 -0.9410
vn -0.0441 0.4670 -0.8831
vn -0.1547 0.5924 -0.7907
vn -0.2535 0.7011 -0.6664
vn -0.3362 0.7886 -0.5148
vn -0.3994 0.8507 -0.3418
vn -0.4400 0.8846 -0.1545
vn -0.4565 0.8888 0.0392
vn -0.4483 0.8635 0.2309
vn -0.4161 0.8102 0.4130
vn -0.3614 0.7314 0.5782
vn -0.2869 0.6310 0.7208
vn -0.1955 0.5129 0.8359
vn -0.0907 0.3816 0.9198
vn 0.5829 -0.3871 -0.7145
vn -0.3144 0.6809 -0.6614
vn 0.5574 -0.4694 0.6848
vn -0.3295 0.5783 0.7463
vn 0.3295 -0.5783 -0.7463
vn -0.5574 0.4694 -0.6848
vn 0.3144 -0.6809 0.6614
vn -0.5829 0.3871 0.7145
vn -0.7654 -0.6413 -0.0539
vn -0.6954 -0.6113 0.3778
vn -0.3971 -0.3904 0.8306
vn -0.0071 -0.0731 0.9973
vn 0.3811 0.2615 0.8868
vn 0.6881 0.5479 0.4756
vn 0.7654 0.6413 0.0538
vn 0.6952 0.6112 -0.3783
vn 0.3958 0.3895 -0.8316
vn 0.0044 0.0706 -0.9975
vn -0.3822 -0.2625 -0.8860
vn -0.6883 -0.5480 -0.4753
vn -0.6737 -0.7365 -0.0602
vn -0.6123 -0.6976 0.3721
vn -0.3496 -0.4397 0.8273
vn -0.0100 -0.0699 0.9975
vn 0.3365 0.3086 0.8897
vn 0.6069 0.6326 0.4812
vn 0.6752 0.7352 0.0600
vn 0.6139 0.6959 -0.3726
vn 0.3511 0.4367 -0.8283
vn 0.0019 0.0731 -0.9973
vn -0.3348 -0.3118 -0.8892
vn -0.6052 -0.6343 -0.4810
vn -0.5702 -0.8189 -0.0654
vn -0.5185 -0.7721 0.3674
vn -0.2964 -0.4823 0.8243
vn -0.0129 -0.0675 0.9976
vn 0.2864 0.3505 0.8917
vn 0.5153 0.7061 0.4857
vn 0.5735 0.8166 0.0652
vn 0.5223 0.7694 -0.3676
vn 0.3008 0.4786 -0.8249
vn -0.0004 0.0750 -0.9972
vn -0.2816 -0.3543 -0.8917
vn -0.5114 -0.7088 -0.4859
vn -0.4568 -0.8869 -0.0695
vn -0.4157 -0.8335 0.3638
vn -0.2386 -0.5175 0.8217
vn -0.0154 -0.0659 0.9977
vn 0.2310 0.3867 0.8928
vn 0.4149 0.7673 0.4890
vn 0.4620 0.8842 0.0694
vn 0.4218 0.8306 -0.3635
vn 0.2453 0.5148 -0.8215
vn -0.0023 0.0759 -0.9971
vn -0.2239 -0.3895 -0.8934
vn -0.4086 -0.7702 -0.4897
vn -0.3353 -0.9393 -0.0725
vn -0.3058 -0.8809 0.3613
vn -0.1772 -0.5453 0.8193
vn -0.0177 -0.0651 0.9977
vn 0.1710 0.4165 0.8929
vn 0.3072 0.8151 0.4912
vn 0.3425 0.9367 0.0723
vn 0.3141 0.8784 -0.3603
vn 0.1850 0.5444 -0.8181
vn -0.0039 0.0761 -0.9971
vn -0.1627 -0.4172 -0.8941
vn -0.2987 -0.8174 -0.4925
vn -0.2080 -0.9753 -0.0741
vn -0.1907 -0.9133 0.3600
vn -0.1130 -0.5657 0.8168
vn -0.0197 -0.0652 0.9977
vn 0.1071 0.4395 0.8918
vn 0.1939 0.8487 0.4920
vn 0.2171 0.9733 0.0740
vn 0.2007 0.9119 -0.3580
vn 0.1209 0.5671 -0.8147
vn -0.0051 0.0755 -0.9971
vn -0.0986 -0.4377 -0.8937
vn -0.1836 -0.8498 -0.4941
vn -0.0771 -0.9942 -0.0745
vn -0.0724 -0.9303 0.3596
vn -0.0467 -0.5790 0.8140
vn -0.0213 -0.0663 0.9976
vn 0.0401 0.4554 0.8894
vn 0.0769 0.8675 0.4915
vn 0.0877 0.9934 0.0745
vn 0.0837 0.9305 -0.3566
vn 0.0537 0.5824 -0.8111
vn -0.0058 0.0740 -0.9972
vn -0.0326 -0.4513 -0.8918
vn -0.0653 -0.8667 -0.4945
vn 0.0552 -0.9958 -0.0736
vn 0.0470 -0.9318 0.3600
vn 0.0212 -0.5858 0.8102
vn -0.0224 -0.0688 0.9974
vn -0.0294 0.4640 0.8854
vn -0.0419 0.8709 0.4896
vn -0.0435 0.9963 0.0736
vn -0.0352 0.9338 -0.3560
vn -0.0160 0.5903 -0.8071
vn -0.0060 0.0713 -0.9974
vn 0.0350 -0.4587 -0.8879
vn 0.0540 -0.8681 -0.4934
vn 0.1865 -0.9799 -0.0715
vn 0.1655 -0.9178 0.3609
vn 0.0907 -0.5871 0.8044
vn -0.0222 -0.0734 0.9971
vn -0.1010 0.4652 0.8794
vn -0.1606 0.8589 0.4862
vn -0.1744 0.9821 0.0715
vn -0.1540 0.9216 -0.3563
vn -0.0876 0.5905 -0.8023
vn -0.0047 0.0667 -0.9978
vn 0.1042 -0.4611 -0.8812
vn 0.1725 -0.8542 -0.4904
vn 0.3144 -0.9468 -0.0682
vn 0.2812 -0.8892 0.3610
vn 0.1626 -0.5844 0.7950
vn -0.0191 -0.0815 0.9965
vn -0.1739 0.4586 0.8715
vn -0.2773 0.8314 0.4814
vn -0.3028 0.9506 0.0682
vn -0.2708 0.8938 -0.3576
vn -0.1605 0.5824 -0.7969
vn -0.0008 0.0592 -0.9982
vn 0.1759 -0.4602 -0.8702
vn 0.2880 -0.8258 -0.4848
vn 0.4360 -0.8977 -0.0639
vn 0.3923 -0.8473 0.3580
vn 0.2391 -0.5787 0.7797
vn -0.0101 -0.0946 0.9955
vn -0.2461 0.4415 0.8629
vn -0.3897 0.7884 0.4760
vn -0.4262 0.9024 0.0635
vn -0.3831 0.8505 -0.3605
vn -0.2325 0.5637 -0.7926
vn 0.0087 0.0473 -0.9988
vn 0.2520 -0.4575 -0.8528
vn 0.3988 -0.7848 -0.4744
vn 0.5471 -0.8350 -0.0587
vn 0.4964 -0.7944 0.3500
vn 0.3206 -0.5669 0.7588
vn 0.0086 -0.1117 0.9937
vn -0.3114 0.4091 0.8577
vn -0.4939 0.7302 0.4721
vn -0.5412 0.8389 0.0577
vn -0.4871 0.7923 -0.3673
vn -0.2974 0.5307 -0.7936
vn 0.0272 0.0317 -0.9991
vn 0.3332 -0.4496 -0.8288
vn 0.5024 -0.7339 -0.4572
vn 0.6437 -0.7635 -0.0521
vn 0.5884 -0.7305 0.3466
vn 0.3949 -0.5333 0.7481
vn 0.0289 -0.1177 0.9926
vn -0.3662 0.3651 0.8560
vn -0.5863 0.6604 0.4692
vn -0.6436 0.7636 0.0514
vn -0.5795 0.7230 -0.3762
vn -0.3521 0.4872 -0.7992
vn 0.0466 0.0276 -0.9985
vn 0.4071 -0.4184 -0.8119
vn 0.5941 -0.6720 -0.4422
vn 0.7309 -0.6811 -0.0444
vn 0.6661 -0.6518 0.3625
vn 0.4405 -0.4679 0.7662
vn 0.0288 -0.0989 0.9947
vn -0.4185 0.3187 0.8504
vn -0.6708 0.5817 0.4600
vn -0.7355 0.6760 0.0444
vn -0.6641 0.6440 -0.3797
vn -0.4049 0.4410 -0.8010
vn 0.0452 0.0483 -0.9978
vn 0.4529 -0.3510 -0.8195
vn 0.6724 -0.5926 -0.4436
vn 0.8117 -0.5829 -0.0360
vn 0.7347 -0.5598 0.3832
vn 0.4640 -0.3912 0.7948
vn 0.0167 -0.0782 0.9968
vn -0.4622 0.2604 0.8477
vn -0.7462 0.4897 0.4509
vn -0.8180 0.5741 0.0362
vn -0.7395 0.5518 -0.3855
vn -0.4488 0.3832 -0.8073
vn 0.0313 0.0704 -0.9970
vn 0.4771 -0.2710 -0.8360
vn 0.7417 -0.4987 -0.4486
vn 0.8812 -0.4720 -0.0272
vn 0.7945 -0.4585 0.3981
vn 0.4807 -0.3179 0.8173
vn 0.0065 -0.0669 0.9977
vn -0.4925 0.1923 0.8488
vn -0.8083 0.3867 0.4439
vn -0.8869 0.4612 0.0271
vn -0.8015 0.4490 -0.3949
vn -0.4789 0.3160 -0.8190
vn 0.0196 0.0822 -0.9964
vn 0.4945 -0.1953 -0.8470
vn 0.8018 -0.3963 -0.4474
vn 0.9358 -0.3521 -0.0180
vn 0.8425 -0.3501 0.4094
vn 0.4943 -0.2483 0.8331
vn -0.0001 -0.0620 0.9981
vn -0.5126 0.1215 0.8500
vn -0.8558 0.2767 0.4371
vn -0.9401 0.3406 0.0177
vn -0.8489 0.3392 -0.4053
vn -0.4986 0.2460 -0.8312
vn 0.0117 0.0871 -0.9961
vn 0.5086 -0.1241 -0.8520
vn 0.8498 -0.2874 -0.4418
vn 0.9741 -0.2258 -0.0084
vn 0.8767 -0.2362 0.4191
vn 0.5040 -0.1803 0.8447
vn -0.0043 -0.0602 0.9982
vn -0.5242 0.0506 0.8501
vn -0.8882 0.1620 0.4299
vn -0.9767 0.2144 0.0080
vn -0.8813 0.2247 -0.4157
vn -0.5100 0.1759 -0.8420
vn 0.0068 0.0885 -0.9961
vn 0.5188 -0.0550 -0.8532
vn 0.8840 -0.1732 -0.4343
vn 0.9954 -0.0956 0.0013
vn 0.8958 -0.1188 0.4283
vn 0.5084 -0.1128 0.8537
vn -0.0068 -0.0600 0.9982
vn -0.5282 -0.0196 0.8489
vn -0.9054 0.0446 0.4223
vn -0.9964 0.0850 -0.0018
vn -0.8984 0.1074 -0.4258
vn -0.5137 0.1063 -0.8514
vn 0.0038 0.0881 -0.9961
vn 0.5234 0.0132 -0.8520
vn 0.9031 -0.0556 -0.4258
vn 0.9993 0.0363 0.0111
vn 0.8994 0.0003 0.4371
vn 0.5064 -0.0458 0.8611
vn -0.0082 -0.0606 0.9981
vn -0.5243 -0.0885 0.8469
vn -0.9071 -0.0737 0.4144
vn -0.9989 -0.0456 -0.0115
vn -0.9001 -0.0107 -0.4355
vn -0.5097 0.0379 -0.8595
vn 0.0022 0.0867 -0.9962
vn 0.5215 0.0808 -0.8494
vn 0.9067 0.0635 -0.4170
vn 0.9857 0.1675 0.0206
vn 0.8873 0.1189 0.4456
vn 0.4972 0.0205 0.8674
vn -0.0089 -0.0617 0.9981
vn -0.5128 -0.1555 0.8443
vn -0.8935 -0.1908 0.4066
vn -0.9843 -0.1751 -0.0210
vn -0.8865 -0.1277 -0.4448
vn -0.4981 -0.0287 -0.8667
vn 0.0016 0.0849 -0.9964
vn 0.5123 0.1475 -0.8460
vn 0.8945 0.1822 -0.4083
vn 0.9548 0.2958 0.0299
vn 0.8595 0.2350 0.4538
vn 0.4803 0.0854 0.8729
vn -0.0088 -0.0633 0.9980
vn -0.4938 -0.2199 0.8413
vn -0.8648 -0.3049 0.3989
vn -0.9530 -0.3015 -0.0301
vn -0.8578 -0.2418 -0.4536
vn -0.4790 -0.0927 -0.8729
vn 0.0018 0.0826 -0.9966
vn 0.4954 0.2127 -0.8422
vn 0.8667 0.2983 -0.3998
vn 0.9072 0.4190 0.0386
vn 0.8166 0.3466 0.4616
vn 0.4555 0.1480 0.8778
vn -0.0081 -0.0653 0.9978
vn -0.4676 -0.2808 0.8382
vn -0.8217 -0.4142 0.3916
vn -0.9055 -0.4227 -0.0387
vn -0.8146 -0.3510 -0.4617
vn -0.4527 -0.1533 -0.8784
vn 0.0027 0.0798 -0.9968
vn 0.4706 0.2756 -0.8382
vn 0.8237 0.4098 -0.3918
vn 0.8437 0.5348 0.0466
vn 0.7592 0.4515 0.4688
vn 0.4227 0.2075 0.8822
vn -0.0065 -0.0678 0.9977
vn -0.4347 -0.3375 0.8349
vn -0.7648 -0.5168 0.3846
vn -0.8426 -0.5366 -0.0466
vn -0.7578 -0.4536 -0.4691
vn -0.4199 -0.2097 -0.8830
vn 0.0045 0.0766 -0.9971
vn 0.4377 0.3352 -0.8343
vn 0.7663 0.5148 -0.3844
vn 0.7654 0.6413 0.0539
vn 0.6883 0.5480 0.4753
vn 0.3822 0.2625 0.8860
vn -0.0044 -0.0706 0.9975
vn -0.3958 -0.3895 0.8316
vn -0.6952 -0.6112 0.3783
vn -0.7654 -0.6413 -0.0538
vn -0.6881 -0.5479 -0.4756
vn -0.3811 -0.2615 -0.8868
vn 0.0071 0.0731 -0.9973
vn 0.3971 0.3904 -0.8306
vn 0.6954 0.6113 -0.3778
vn 0.6737 0.7365 0.0602
vn 0.6052 0.6343 0.4810
vn 0.3348 0.3118 0.8892
vn -0.0019 -0.0731 0.9973
vn -0.3511 -0.4367 0.8283
vn -0.6139 -0.6959 0.3726
vn -0.6752 -0.7352 -0.0600
vn -0.6069 -0.6326 -0.4812
vn -0.3365 -0.3086 -0.8897
vn 0.0100 0.0699 -0.9975
vn 0.3496 0.4397 -0.8273
vn 0.6123 0.6976 -0.3721
vn 0.5702 0.8189 0.0654
vn 0.5114 0.7088 0.4859
vn 0.2816 0.3543 0.8917
vn 0.0004 -0.0750 0.9972
vn -0.3008 -0.4786 0.8249
vn -0.5223 -0.7694 0.3676
vn -0.5735 -0.8166 -0.0652
vn -0.5153 -0.7061 -0.4857
vn -0.2864 -0.3505 -0.8917
vn 0.0129 0.0675 -0.9976
vn 0.2964 0.4823 -0.8243
vn 0.5185 0.7721 -0.3674
vn 0.4568 0.8869 0.0695
vn 0.4086 0.7702 0.4897
vn 0.2239 0.3895 0.8934
vn 0.0023 -0.0759 0.9971
vn -0.2452 -0.5148 0.8215
vn -0.4218 -0.8306 0.3635
vn -0.4620 -0.8842 -0.0694
vn -0.4149 -0.7673 -0.4890
vn -0.2310 -0.3867 -0.8928
vn 0.0154 0.0659 -0.9977
vn 0.2386 0.5175 -0.8217
vn 0.4157 0.8335 -0.3638
vn 0.3353 0.9393 0.0725
vn 0.2987 0.8174 0.4925
vn 0.1627 0.4172 0.8941
vn 0.0039 -0.0761 0.9971
vn -0.1850 -0.5444 0.8181
vn -0.3141 -0.8784 0.3603
vn -0.3425 -0.9367 -0.0723
vn -0.3072 -0.8151 -0.4912
vn -0.1710 -0.4165 -0.8929
vn 0.0177 0.0651 -0.9977
vn 0.1772 0.5453 -0.8193
vn 0.3058 0.8809 -0.3613
vn 0.2080 0.9753 0.0741
vn 0.1836 0.8498 0.4941
vn 0.0986 0.4377 0.8937
vn 0.0051 -0.0755 0.9971
vn -0.1209 -0.5671 0.8147
vn -0.2007 -0.9119 0.3580
vn -0.2171 -0.9733 -0.0740
vn -0.1939 -0.8487 -0.4920
vn -0.1071 -0.4395 -0.8918
vn 0.0197 0.0652 -0.9977
vn 0.1130 0.5657 -0.8168
vn 0.1907 0.9133 -0.3600
vn 0.0771 0.9942 0.0745
vn 0.0653 0.8667 0.4945
vn 0.0326 0.4513 0.8918
vn 0.0058 -0.0740 0.9972
vn -0.0537 -0.5824 0.8111
vn -0.0837 -0.9305 0.3566
vn -0.0877 -0.9934 -0.0745
vn -0.0769 -0.8675 -0.4915
vn -0.0401 -0.4554 -0.8894
vn 0.0213 0.0663 -0.9976
vn 0.0467 0.5790 -0.8140
vn 0.0724 0.9303 -0.3596
vn -0.0552 0.9958 0.0736
vn -0.0540 0.8681 0.4934
vn -0.0350 0.4587 0.8879
vn 0.0060 -0.0713 0.9974
vn 0.0160 -0.5903 0.8071
vn 0.0352 -0.9338 0.3560
vn 0.0435 -0.9963 -0.0736
vn 0.0419 -0.8709 -0.4896
vn 0.0294 -0.4640 -0.8854
vn 0.0224 0.0688 -0.9974
vn -0.0212 0.5858 -0.8102
vn -0.0470 0.9318 -0.3600
vn -0.1865 0.9799 0.0715
vn -0.1725 0.8542 0.4904
vn -0.1042 0.4611 0.8812
vn 0.0047 -0.0667 0.9978
vn 0.0876 -0.5905 0.8023
vn 0.1540 -0.9216 0.3563
vn 0.1744 -0.9821 -0.0715
vn 0.1606 -0.8589 -0.4862
vn 0.1010 -0.4652 -0.8794
vn 0.0222 0.0734 -0.9971
vn -0.0907 0.5871 -0.8044
vn -0.1655 0.9178 -0.3609
vn -0.3144 0.9468 0.0682
vn -0.2880 0.8258 0.4848
vn -0.1759 0.4602 0.8702
vn 0.0008 -0.0592 0.9982
vn 0.1605 -0.5824 0.7969
vn 0.2708 -0.8938 0.3576
vn 0.3028 -0.9506 -0.0682
vn 0.2773 -0.8314 -0.4814
vn 0.1739 -0.4586 -0.8715
vn 0.0191 0.0815 -0.9965
vn -0.1626 0.5844 -0.7950
vn -0.2812 0.8892 -0.3610
vn -0.4360 0.8977 0.0639
vn -0.3988 0.7848 0.4744
vn -0.2520 0.4575 0.8528
vn -0.0087 -0.0473 0.9988
vn 0.2325 -0.5637 0.7926
vn 0.3831 -0.8505 0.3605
vn 0.4262 -0.9024 -0.0635
vn 0.3897 -0.7884 -0.4760
vn 0.2461 -0.4415 -0.8629
vn 0.0101 0.0946 -0.9955
vn -0.2391 0.5787 -0.7797
vn -0.3923 0.8473 -0.3580
vn -0.5471 0.8350 0.0587
vn -0.5024 0.7339 0.4572
vn -0.3332 0.4496 0.8288
vn -0.0272 -0.0317 0.9991
vn 0.2974 -0.5307 0.7936
vn 0.4871 -0.7923 0.3673
vn 0.5412 -0.8389 -0.0577
vn 0.4939 -0.7302 -0.4721
vn 0.3114 -0.4091 -0.8577
vn -0.0086 0.1117 -0.9937
vn -0.3206 0.5669 -0.7588
vn -0.4964 0.7944 -0.3500
vn -0.6437 0.7635 0.0521
vn -0.5941 0.6720 0.4422
vn -0.4071 0.4184 0.8119
vn -0.0466 -0.0276 0.9985
vn 0.3521 -0.4872 0.7992
vn 0.5795 -0.7230 0.3762
vn 0.6436 -0.7636 -0.0514
vn 0.5863 -0.6604 -0.4692
vn 0.3662 -0.3651 -0.8560
vn -0.0289 0.1177 -0.9926
vn -0.3949 0.5333 -0.7481
vn -0.5884 0.7305 -0.3466
vn -0.7309 0.6811 0.0444
vn -0.6724 0.5926 0.4436
vn -0.4529 0.3510 0.8195
vn -0.0452 -0.0483 0.9978
vn 0.4049 -0.4410 0.8010
vn 0.6641 -0.6440 0.3797
vn 0.7355 -0.6760 -0.0444
vn 0.6708 -0.5817 -0.4600
vn 0.4185 -0.3187 -0.8504
vn -0.0288 0.0989 -0.9947
vn -0.4405 0.4679 -0.7662
vn -0.6661 0.6518 -0.3625
vn -0.8117 0.5829 0.0360
vn -0.7417 0.4987 0.4486
vn -0.4771 0.2710 0.8360
vn -0.0313 -0.0704 0.9970
vn 0.4488 -0.3832 0.8073
vn 0.7395 -0.5518 0.3855
vn 0.8180 -0.5741 -0.0362
vn 0.7462 -0.4897 -0.4509
vn 0.4622 -0.2604 -0.8477
vn -0.0167 0.0782 -0.9968
vn -0.4640 0.3912 -0.7948
vn -0.7347 0.5598 -0.3832
vn -0.8812 0.4720 0.0272
vn -0.8018 0.3963 0.4474
vn -0.4945 0.1953 0.8470
vn -0.0196 -0.0822 0.9964
vn 0.4789 -0.3160 0.8190
vn 0.8015 -0.4490 0.3949
vn 0.8869 -0.4612 -0.0271
vn 0.8083 -0.3867 -0.4439
vn 0.4925 -0.1923 -0.8488
vn -0.0065 0.0669 -0.9977
vn -0.4807 0.3179 -0.8173
vn -0.7945 0.4585 -0.3981
vn -0.9358 0.3521 0.0180
vn -0.8498 0.2874 0.4418
vn -0.5086 0.1241 0.8520
vn -0.0117 -0.0871 0.9961
vn 0.4986 -0.2460 0.8312
vn 0.8489 -0.3392 0.4053
vn 0.9401 -0.3406 -0.0177
vn 0.8558 -0.2767 -0.4371
vn 0.5126 -0.1215 -0.8500
vn 0.0001 0.0620 -0.9981
vn -0.4943 0.2483 -0.8331
vn -0.8425 0.3501 -0.4094
vn -0.9741 0.2258 0.0084
vn -0.8840 0.1732 0.4343
vn -0.5188 0.0550 0.8532
vn -0.0068 -0.0885 0.9961
vn 0.5100 -0.1759 0.8420
vn 0.8813 -0.2247 0.4157
vn 0.9767 -0.2144 -0.0080
vn 0.8882 -0.1620 -0.4299
vn 0.5242 -0.0506 -0.8501
vn 0.0043 0.0602 -0.9982
vn -0.5040 0.1803 -0.8447
vn -0.8767 0.2362 -0.4191
vn -0.9954 0.0956 -0.0013
vn -0.9031 0.0556 0.4258
vn -0.5234 -0.0132 0.8520
vn -0.0038 -0.0881 0.9961
vn 0.5137 -0.1063 0.8514
vn 0.8984 -0.1074 0.4258
vn 0.9964 -0.0850 0.0018
vn 0.9054 -0.0446 -0.4223
vn 0.5282 0.0196 -0.8489
vn 0.0068 0.0600 -0.9982
vn -0.5084 0.1128 -0.8537
vn -0.8958 0.1188 -0.4283
vn -0.9993 -0.0363 -0.0111
vn -0.9067 -0.0635 0.4170
vn -0.5215 -0.0808 0.8494
vn -0.0022 -0.0867 0.9962
vn 0.5097 -0.0379 0.8595
vn 0.9001 0.0107 0.4355
vn 0.9989 0.0456 0.0115
vn 0.9071 0.0737 -0.4144
vn 0.5243 0.0885 -0.8469
vn 0.0082 0.0606 -0.9981
vn -0.5064 0.0458 -0.8611
vn -0.8994 -0.0003 -0.4371
vn -0.9857 -0.1675 -0.0206
vn -0.8945 -0.1822 0.4083
vn -0.5123 -0.1475 0.8460
vn -0.0016 -0.0849 0.9964
vn 0.4981 0.0287 0.8667
vn 0.8865 0.1277 0.4448
vn 0.9843 0.1751 0.0210
vn 0.8935 0.1908 -0.4066
vn 0.5128 0.1555 -0.8443
vn 0.0089 0.0617 -0.9981
vn -0.4972 -0.0205 -0.8674
vn -0.8873 -0.1189 -0.4456
vn -0.9548 -0.2958 -0.0299
vn -0.8667 -0.2983 0.3998
vn -0.4954 -0.2127 0.8422
vn -0.0018 -0.0826 0.9966
vn 0.4790 0.0927 0.8729
vn 0.8578 0.2418 0.4536
vn 0.9530 0.3015 0.0301
vn 0.8648 0.3049 -0.3989
vn 0.4938 0.2199 -0.8413
vn 0.0088 0.0633 -0.9980
vn -0.4803 -0.0854 -0.8729
vn -0.8595 -0.2350 -0.4538
vn -0.9072 -0.4190 -0.0386
vn -0.8237 -0.4098 0.3918
vn -0.4706 -0.2756 0.8382
vn -0.0027 -0.0798 0.9968
vn 0.4527 0.1533 0.8784
vn 0.8146 0.3510 0.4617
vn 0.9055 0.4227 0.0387
vn 0.8217 0.4142 -0.3916
vn 0.4676 0.2808 -0.8382
vn 0.0081 0.0653 -0.9978
vn -0.4555 -0.1480 -0.8778
vn -0.8166 -0.3466 -0.4616
vn -0.8437 -0.5348 -0.0466
vn -0.7663 -0.5148 0.3844
vn -0.4377 -0.3352 0.8343
vn -0.0045 -0.0766 0.9971
vn 0.4199 0.2097 0.8830
vn 0.7578 0.4536 0.4691
vn 0.8426 0.5366 0.0466
vn 0.7648 0.5168 -0.3846
vn 0.4347 0.3375 -0.8349
vn 0.0066 0.0678 -0.9977
vn -0.4227 -0.2075 -0.8822
vn -0.7592 -0.4515 -0.4688
vt 1.000000 0.500000
vt 1.000000 1.000000
vt 0.968750 1.000000
vt 0.968750 0.500000
vt 0.969727 0.500000
vt 0.970703 0.500000
vt 0.971680 0.500000
vt 0.972656 0.500000
vt 0.973633 0.500000
vt 0.974609 0.500000
vt 0.975586 0.500000
vt 0.976562 0.500000
vt 0.977539 0.500000
vt 0.978516 0.500000
vt 0.979492 0.500000
vt 0.980469 0.500000
vt 0.981445 0.500000
vt 0.982422 0.500000
vt 0.983398 0.500000
vt 0.984375 0.500000
vt 0.985352 0.500000
vt 0.986328 0.500000
vt 0.987305 0.500000
vt 0.988281 0.500000
vt 0.989258 0.500000
vt 0.990234 0.500000
vt 0.991211 0.500000
vt 0.992188 0.500000
vt 0.993164 0.500000
vt 0.994141 0.500000
vt 0.995117 0.500000
vt 0.996094 0.500000
vt 0.997070 0.500000
vt 0.998047 0.500000
vt 0.999023 0.500000
vt 0.937500 1.000000
vt 0.937500 0.500000
vt 0.938477 0.500000
vt 0.939453 0.500000
vt 0.940430 0.500000
vt 0.941406 0.500000
vt 0.942383 0.500000
vt 0.943359 0.500000
vt 0.944336 0.500000
vt 0.945312 0.500000
vt 0.946289 0.500000
vt 0.947266 0.500000
vt 0.948242 0.500000
vt 0.949219 0.500000
vt 0.950195 0.500000
vt 0.951172 0.500000
vt 0.952148 0.500000
vt 0.953125 0.500000
vt 0.954102 0.500000
vt 0.955078 0.500000
vt 0.956055 0.500000
vt 0.957031 0.500000
vt 0.958008 0.500000
vt 0.958984 0.500000
vt 0.959961 0.500000
vt 0.960938 0.500000
vt 0.961914 0.500000
vt 0.962891 0.500000
vt 0.963867 0.500000
vt 0.964844 0.500000
vt 0.965820 0.500000
vt 0.966797 0.500000
vt 0.967773 0.500000
vt 0.906250 1.000000
vt 0.906250 0.500000
vt 0.907227 0.500000
vt 0.908203 0.500000
vt 0.909180 0.500000
vt 0.910156 0.500000
vt 0.911133 0.500000
vt 0.912109 0.500000
vt 0.913086 0.500000
vt 0.914062 0.500000
vt 0.915039 0.500000
vt 0.916016 0.500000
vt 0.916992 0.500000
vt 0.917969 0.500000
vt 0.918945 0.500000
vt 0.919922 0.500000
vt 0.920898 0.500000
vt 0.921875 0.500000
vt 0.922852 0.500000
vt 0.923828 0.500000
vt 0.924805 0.500000
vt 0.925781 0.500000
vt 0.926758 0.500000
vt 0.927734 0.500000
vt 0.928711 0.500000
vt 0.929688 0.500000
vt 0.930664 0.500000
vt 0.931641 0.500000
vt 0.932617 0.500000
vt 0.933594 0.500000
vt 0.934570 0.500000
vt 0.935547 0.500000
vt 0.936523 0.500000
vt 0.875000 1.000000
vt 0.875000 0.500000
vt 0.875977 0.500000
vt 0.876953 0.500000
vt 0.877930 0.500000
vt 0.878906 0.500000
vt 0.879883 0.500000
vt 0.880859 0.500000
vt 0.881836 0.500000
vt 0.882812 0.500000
vt 0.883789 0.500000
vt 0.884766 0.500000
vt 0.885742 0.500000
vt 0.886719 0.500000
vt 0.887695 0.500000
vt 0.888672 0.500000
vt 0.889648 0.500000
vt 0.890625 0.500000
vt 0.891602 0.500000
vt 0.892578 0.500000
vt 0.893555 0.500000
vt 0.894531 0.500000
vt 0.895508 0.500000
vt 0.896484 0.500000
vt 0.897461 0.500000
vt 0.898438 0.500000
vt 0.899414 0.500000
vt 0.900391 0.500000
vt 0.901367 0.500000
vt 0.902344 0.500000
vt 0.903320 0.500000
vt 0.904297 0.500000
vt 0.905273 0.500000
vt 0.843750 1.000000
vt 0.843750 0.500000
vt 0.844727 0.500000
vt 0.845703 0.500000
vt 0.846680 0.500000
vt 0.847656 0.500000
vt 0.848633 0.500000
vt 0.849609 0.500000
vt 0.850586 0.500000
vt 0.851562 0.500000
vt 0.852539 0.500000
vt 0.853516 0.500000
vt 0.854492 0.500000
vt 0.855469 0.500000
vt 0.856445 0.500000
vt 0.857422 0.500000
vt 0.858398 0.500000
vt 0.859375 0.500000
vt 0.860352 0.500000
vt 0.861328 0.500000
vt 0.862305 0.500000
vt 0.863281 0.500000
vt 0.864258 0.500000
vt 0.865234 0.500000
vt 0.866211 0.500000
vt 0.867188 0.500000
vt 0.868164 0.500000
vt 0.869141 0.500000
vt 0.870117 0.500000
vt 0.871094 0.500000
vt 0.872070 0.500000
vt 0.873047 0.500000
vt 0.874023 0.500000
vt 0.812500 1.000000
vt 0.812500 0.500000
vt 0.813477 0.500000
vt 0.814453 0.500000
vt 0.815430 0.500000
vt 0.816406 0.500000
vt 0.817383 0.500000
vt 0.818359 0.500000
vt 0.819336 0.500000
vt 0.820312 0.500000
vt 0.821289 0.500000
vt 0.822266 0.500000
vt 0.823242 0.500000
vt 0.824219 0.500000
vt 0.825195 0.500000
vt 0.826172 0.500000
vt 0.827148 0.500000
vt 0.828125 0.500000
vt 0.829102 0.500000
vt 0.830078 0.500000
vt 0.831055 0.500000
vt 0.832031 0.500000
vt 0.833008 0.500000
vt 0.833984 0.500000
vt 0.834961 0.500000
vt 0.835938 0.500000
vt 0.836914 0.500000
vt 0.837891 0.500000
vt 0.838867 0.500000
vt 0.839844 0.500000
vt 0.840820 0.500000
vt 0.841797 0.500000
vt 0.842773 0.500000
vt 0.781250 1.000000
vt 0.781250 0.500000
vt 0.782227 0.500000
vt 0.783203 0.500000
vt 0.784180 0.500000
vt 0.785156 0.500000
vt 0.786133 0.500000
vt 0.787109 0.500000
vt 0.788086 0.500000
vt 0.789062 0.500000
vt 0.790039 0.500000
vt 0.791016 0.500000
vt 0.791992 0.500000
vt 0.792969 0.500000
vt 0.793945 0.500000
vt 0.794922 0.500000
vt 0.795898 0.500000
vt 0.796875 0.500000
vt 0.797852 0.500000
vt 0.798828 0.500000
vt 0.799805 0.500000
vt 0.800781 0.500000
vt 0.801758 0.500000
vt 0.802734 0.500000
vt 0.803711 0.500000
vt 0.804688 0.500000
vt 0.805664 0.500000
vt 0.806641 0.500000
vt 0.807617 0.500000
vt 0.808594 0.500000
vt 0.809570 0.500000
vt 0.810547 0.500000
vt 0.811523 0.500000
vt 0.750000 1.000000
vt 0.750000 0.500000
vt 0.750977 0.500000
vt 0.751953 0.500000
vt 0.752930 0.500000
vt 0.753906 0.500000
vt 0.754883 0.500000
vt 0.755859 0.500000
vt 0.756836 0.500000
vt 0.757812 0.500000
vt 0.758789 0.500000
vt 0.759766 0.500000
vt 0.760742 0.500000
vt 0.761719 0.500000
vt 0.762695 0.500000
vt 0.763672 0.500000
vt 0.764648 0.500000
vt 0.765625 0.500000
vt 0.766602 0.500000
vt 0.767578 0.500000
vt 0.768555 0.500000
vt 0.769531 0.500000
vt 0.770508 0.500000
vt 0.771484 0.500000
vt 0.772461 0.500000
vt 0.773438 0.500000
vt 0.774414 0.500000
vt 0.775391 0.500000
vt 0.776367 0.500000
vt 0.777344 0.500000
vt 0.778320 0.500000
vt 0.779297 0.500000
vt 0.780273 0.500000
vt 0.718750 1.000000
vt 0.718750 0.500000
vt 0.719727 0.500000
vt 0.720703 0.500000
vt 0.721680 0.500000
vt 0.722656 0.500000
vt 0.723633 0.500000
vt 0.724609 0.500000
vt 0.725586 0.500000
vt 0.726562 0.500000
vt 0.727539 0.500000
vt 0.728516 0.500000
vt 0.729492 0.500000
vt 0.730469 0.500000
vt 0.731445 0.500000
vt 0.732422 0.500000
vt 0.733398 0.500000
vt 0.734375 0.500000
vt 0.735352 0.500000
vt 0.736328 0.500000
vt 0.737305 0.500000
vt 0.738281 0.500000
vt 0.739258 0.500000
vt 0.740234 0.500000
vt 0.741211 0.500000
vt 0.742188 0.500000
vt 0.743164 0.500000
vt 0.744141 0.500000
vt 0.745117 0.500000
vt 0.746094 0.500000
vt 0.747070 0.500000
vt 0.748047 0.500000
vt 0.749023 0.500000
vt 0.687500 1.000000
vt 0.687500 0.500000
vt 0.688477 0.500000
vt 0.689453 0.500000
vt 0.690430 0.500000
vt 0.691406 0.500000
vt 0.692383 0.500000
vt 0.693359 0.500000
vt 0.694336 0.500000
vt 0.695312 0.500000
vt 0.696289 0.500000
vt 0.697266 0.500000
vt 0.698242 0.500000
vt 0.699219 0.500000
vt 0.700195 0.500000
vt 0.701172 0.500000
vt 0.702148 0.500000
vt 0.703125 0.500000
vt 0.704102 0.500000
vt 0.705078 0.500000
vt 0.706055 0.500000
vt 0.707031 0.500000
vt 0.708008 0.500000
vt 0.708984 0.500000
vt 0.709961 0.500000
vt 0.710938 0.500000
vt 0.711914 0.500000
vt 0.712891 0.500000
vt 0.713867 0.500000
vt 0.714844 0.500000
vt 0.715820 0.500000
vt 0.716797 0.500000
vt 0.717773 0.500000
vt 0.656250 1.000000
vt 0.656250 0.500000
vt 0.657227 0.500000
vt 0.658203 0.500000
vt 0.659180 0.500000
vt 0.660156 0.500000
vt 0.661133 0.500000
vt 0.662109 0.500000
vt 0.663086 0.500000
vt 0.664062 0.500000
vt 0.665039 0.500000
vt 0.666016 0.500000
vt 0.666992 0.500000
vt 0.667969 0.500000
vt 0.668945 0.500000
vt 0.669922 0.500000
vt 0.670898 0.500000
vt 0.671875 0.500000
vt 0.672852 0.500000
vt 0.673828 0.500000
vt 0.674805 0.500000
vt 0.675781 0.500000
vt 0.676758 0.500000
vt 0.677734 0.500000
vt 0.678711 0.500000
vt 0.679688 0.500000
vt 0.680664 0.500000
vt 0.681641 0.500000
vt 0.682617 0.500000
vt 0.683594 0.500000
vt 0.684570 0.500000
vt 0.685547 0.500000
vt 0.686523 0.500000
vt 0.625000 1.000000
vt 0.625000 0.500000
vt 0.625977 0.500000
vt 0.626953 0.500000
vt 0.627930 0.500000
vt 0.628906 0.500000
vt 0.629883 0.500000
vt 0.630859 0.500000
vt 0.631836 0.500000
vt 0.632812 0.500000
vt 0.633789 0.500000
vt 0.634766 0.500000
vt 0.635742 0.500000
vt 0.636719 0.500000
vt 0.637695 0.500000
vt 0.638672 0.500000
vt 0.639648 0.500000
vt 0.640625 0.500000
vt 0.641602 0.500000
vt 0.642578 0.500000
vt 0.643555 0.500000
vt 0.644531 0.500000
vt 0.645508 0.500000
vt 0.646484 0.500000
vt 0.647461 0.500000
vt 0.648438 0.500000
vt 0.649414 0.500000
vt 0.650391 0.500000
vt 0.651367 0.500000
vt 0.652344 0.500000
vt 0.653320 0.500000
vt 0.654297 0.500000
vt 0.655273 0.500000
vt 0.593750 1.000000
vt 0.593750 0.500000
vt 0.594727 0.500000
vt 0.595703 0.500000
vt 0.596680 0.500000
vt 0.597656 0.500000
vt 0.598633 0.500000
vt 0.599609 0.500000
vt 0.600586 0.500000
vt 0.601562 0.500000
vt 0.602539 0.500000
vt 0.603516 0.500000
vt 0.604492 0.500000
vt 0.605469 0.500000
vt 0.606445 0.500000
vt 0.607422 0.500000
vt 0.608398 0.500000
vt 0.609375 0.500000
vt 0.610352 0.500000
vt 0.611328 0.500000
vt 0.612305 0.500000
vt 0.613281 0.500000
vt 0.614258 0.500000
vt 0.615234 0.500000
vt 0.616211 0.500000
vt 0.617188 0.500000
vt 0.618164 0.500000
vt 0.619141 0.500000
vt 0.620117 0.500000
vt 0.621094 0.500000
vt 0.622070 0.500000
vt 0.623047 0.500000
vt 0.624023 0.500000
vt 0.562500 1.000000
vt 0.562500 0.500000
vt 0.563477 0.500000
vt 0.564453 0.500000
vt 0.565430 0.500000
vt 0.566406 0.500000
vt 0.567383 0.500000
vt 0.568359 0.500000
vt 0.569336 0.500000
vt 0.570312 0.500000
vt 0.571289 0.500000
vt 0.572266 0.500000
vt 0.573242 0.500000
vt 0.574219 0.500000
vt 0.575195 0.500000
vt 0.576172 0.500000
vt 0.577148 0.500000
vt 0.578125 0.500000
vt 0.579102 0.500000
vt 0.580078 0.500000
vt 0.581055 0.500000
vt 0.582031 0.500000
vt 0.583008 0.500000
vt 0.583984 0.500000
vt 0.584961 0.500000
vt 0.585938 0.500000
vt 0.586914 0.500000
vt 0.587891 0.500000
vt 0.588867 0.500000
vt 0.589844 0.500000
vt 0.590820 0.500000
vt 0.591797 0.500000
vt 0.592773 0.500000
vt 0.531250 1.000000
vt 0.531250 0.500000
vt 0.532227 0.500000
vt 0.533203 0.500000
vt 0.534180 0.500000
vt 0.535156 0.500000
vt 0.536133 0.500000
vt 0.537109 0.500000
vt 0.538086 0.500000
vt 0.539062 0.500000
vt 0.540039 0.500000
vt 0.541016 0.500000
vt 0.541992 0.500000
vt 0.542969 0.500000
vt 0.543945 0.500000
vt 0.544922 0.500000
vt 0.545898 0.500000
vt 0.546875 0.500000
vt 0.547852 0.500000
vt 0.548828 0.500000
vt 0.549805 0.500000
vt 0.550781 0.500000
vt 0.551758 0.500000
vt 0.552734 0.500000
vt 0.553711 0.500000
vt 0.554688 0.500000
vt 0.555664 0.500000
vt 0.556641 0.500000
vt 0.557617 0.500000
vt 0.558594 0.500000
vt 0.559570 0.500000
vt 0.560547 0.500000
vt 0.561523 0.500000
vt 0.500000 1.000000
vt 0.500000 0.500000
vt 0.500977 0.500000
vt 0.501953 0.500000
vt 0.502930 0.500000
vt 0.503906 0.500000
vt 0.504883 0.500000
vt 0.505859 0.500000
vt 0.506836 0.500000
vt 0.507812 0.500000
vt 0.508789 0.500000
vt 0.509766 0.500000
vt 0.510742 0.500000
vt 0.511719 0.500000
vt 0.512695 0.500000
vt 0.513672 0.500000
vt 0.514648 0.500000
vt 0.515625 0.500000
vt 0.516602 0.500000
vt 0.517578 0.500000
vt 0.518555 0.500000
vt 0.519531 0.500000
vt 0.520508 0.500000
vt 0.521484 0.500000
vt 0.522461 0.500000
vt 0.523438 0.500000
vt 0.524414 0.500000
vt 0.525391 0.500000
vt 0.526367 0.500000
vt 0.527344 0.500000
vt 0.528320 0.500000
vt 0.529297 0.500000
vt 0.530273 0.500000
vt 0.468750 1.000000
vt 0.468750 0.500000
vt 0.469727 0.500000
vt 0.470703 0.500000
vt 0.471680 0.500000
vt 0.472656 0.500000
vt 0.473633 0.500000
vt 0.474609 0.500000
vt 0.475586 0.500000
vt 0.476562 0.500000
vt 0.477539 0.500000
vt 0.478516 0.500000
vt 0.479492 0.500000
vt 0.480469 0.500000
vt 0.481445 0.500000
vt 0.482422 0.500000
vt 0.483398 0.500000
vt 0.484375 0.500000
vt 0.485352 0.500000
vt 0.486328 0.500000
vt 0.487305 0.500000
vt 0.488281 0.500000
vt 0.489258 0.500000
vt 0.490234 0.500000
vt 0.491211 0.500000
vt 0.492188 0.500000
vt 0.493164 0.500000
vt 0.494141 0.500000
vt 0.495117 0.500000
vt 0.496094 0.500000
vt 0.497070 0.500000
vt 0.498047 0.500000
vt 0.499023 0.500000
vt 0.437500 1.000000
vt 0.437500 0.500000
vt 0.438477 0.500000
vt 0.439453 0.500000
vt 0.440430 0.500000
vt 0.441406 0.500000
vt 0.442383 0.500000
vt 0.443359 0.500000
vt 0.444336 0.500000
vt 0.445312 0.500000
vt 0.446289 0.500000
vt 0.447266 0.500000
vt 0.448242 0.500000
vt 0.449219 0.500000
vt 0.450195 0.500000
vt 0.451172 0.500000
vt 0.452148 0.500000
vt 0.453125 0.500000
vt 0.454102 0.500000
vt 0.455078 0.500000
vt 0.456055 0.500000
vt 0.457031 0.500000
vt 0.458008 0.500000
vt 0.458984 0.500000
vt 0.459961 0.500000
vt 0.460938 0.500000
vt 0.461914 0.500000
vt 0.462891 0.500000
vt 0.463867 0.500000
vt 0.464844 0.500000
vt 0.465820 0.500000
vt 0.466797 0.500000
vt 0.467773 0.500000
vt 0.406250 1.000000
vt 0.406250 0.500000
vt 0.407227 0.500000
vt 0.408203 0.500000
vt 0.409180 0.500000
vt 0.410156 0.500000
vt 0.411133 0.500000
vt 0.412109 0.500000
vt 0.413086 0.500000
vt 0.414062 0.500000
vt 0.415039 0.500000
vt 0.416016 0.500000
vt 0.416992 0.500000
vt 0.417969 0.500000
vt 0.418945 0.500000
vt 0.419922 0.500000
vt 0.420898 0.500000
vt 0.421875 0.500000
vt 0.422852 0.500000
vt 0.423828 0.500000
vt 0.424805 0.500000
vt 0.425781 0.500000
vt 0.426758 0.500000
vt 0.427734 0.500000
vt 0.428711 0.500000
vt 0.429688 0.500000
vt 0.430664 0.500000
vt 0.431641 0.500000
vt 0.432617 0.500000
vt 0.433594 0.500000
vt 0.434570 0.500000
vt 0.435547 0.500000
vt 0.436523 0.500000
vt 0.375000 1.000000
vt 0.375000 0.500000
vt 0.375977 0.500000
vt 0.376953 0.500000
vt 0.377930 0.500000
vt 0.378906 0.500000
vt 0.379883 0.500000
vt 0.380859 0.500000
vt 0.381836 0.500000
vt 0.382812 0.500000
vt 0.383789 0.500000
vt 0.384766 0.500000
vt 0.385742 0.500000
vt 0.386719 0.500000
vt 0.387695 0.500000
vt 0.388672 0.500000
vt 0.389648 0.500000
vt 0.390625 0.500000
vt 0.391602 0.500000
vt 0.392578 0.500000
vt 0.393555 0.500000
vt 0.394531 0.500000
vt 0.395508 0.500000
vt 0.396484 0.500000
vt 0.397461 0.500000
vt 0.398438 0.500000
vt 0.399414 0.500000
vt 0.400391 0.500000
vt 0.401367 0.500000
vt 0.402344 0.500000
vt 0.403320 0.500000
vt 0.404297 0.500000
vt 0.405273 0.500000
vt 0.343750 1.000000
vt 0.343750 0.500000
vt 0.344727 0.500000
vt 0.345703 0.500000
vt 0.346680 0.500000
vt 0.347656 0.500000
vt 0.348633 0.500000
vt 0.349609 0.500000
vt 0.350586 0.500000
vt 0.351562 0.500000
vt 0.352539 0.500000
vt 0.353516 0.500000
vt 0.354492 0.500000
vt 0.355469 0.500000
vt 0.356445 0.500000
vt 0.357422 0.500000
vt 0.358398 0.500000
vt 0.359375 0.500000
vt 0.360352 0.500000
vt 0.361328 0.500000
vt 0.362305 0.500000
vt 0.363281 0.500000
vt 0.364258 0.500000
vt 0.365234 0.500000
vt 0.366211 0.500000
vt 0.367188 0.500000
vt 0.368164 0.500000
vt 0.369141 0.500000
vt 0.370117 0.500000
vt 0.371094 0.500000
vt 0.372070 0.500000
vt 0.373047 0.500000
vt 0.374023 0.500000
vt 0.312500 1.000000
vt 0.312500 0.500000
vt 0.313477 0.500000
vt 0.314453 0.500000
vt 0.315430 0.500000
vt 0.316406 0.500000
vt 0.317383 0.500000
vt 0.318359 0.500000
vt 0.319336 0.500000
vt 0.320312 0.500000
vt 0.321289 0.500000
vt 0.322266 0.500000
vt 0.323242 0.500000
vt 0.324219 0.500000
vt 0.325195 0.500000
vt 0.326172 0.500000
vt 0.327148 0.500000
vt 0.328125 0.500000
vt 0.329102 0.500000
vt 0.330078 0.500000
vt 0.331055 0.500000
vt 0.332031 0.500000
vt 0.333008 0.500000
vt 0.333984 0.500000
vt 0.334961 0.500000
vt 0.335938 0.500000
vt 0.336914 0.500000
vt 0.337891 0.500000
vt 0.338867 0.500000
vt 0.339844 0.500000
vt 0.340820 0.500000
vt 0.341797 0.500000
vt 0.342773 0.500000
vt 0.281250 1.000000
vt 0.281250 0.500000
vt 0.282227 0.500000
vt 0.283203 0.500000
vt 0.284180 0.500000
vt 0.285156 0.500000
vt 0.286133 0.500000
vt 0.287109 0.500000
vt 0.288086 0.500000
vt 0.289062 0.500000
vt 0.290039 0.500000
vt 0.291016 0.500000
vt 0.291992 0.500000
vt 0.292969 0.500000
vt 0.293945 0.500000
vt 0.294922 0.500000
vt 0.295898 0.500000
vt 0.296875 0.500000
vt 0.297852 0.500000
vt 0.298828 0.500000
vt 0.299805 0.500000
vt 0.300781 0.500000
vt 0.301758 0.500000
vt 0.302734 0.500000
vt 0.303711 0.500000
vt 0.304688 0.500000
vt 0.305664 0.500000
vt 0.306641 0.500000
vt 0.307617 0.500000
vt 0.308594 0.500000
vt 0.309570 0.500000
vt 0.310547 0.500000
vt 0.311523 0.500000
vt 0.250000 1.000000
vt 0.250000 0.500000
vt 0.250977 0.500000
vt 0.251953 0.500000
vt 0.252930 0.500000
vt 0.253906 0.500000
vt 0.254883 0.500000
vt 0.255859 0.500000
vt 0.256836 0.500000
vt 0.257812 0.500000
vt 0.258789 0.500000
vt 0.259766 0.500000
vt 0.260742 0.500000
vt 0.261719 0.500000
vt 0.262695 0.500000
vt 0.263672 0.500000
vt 0.264648 0.500000
vt 0.265625 0.500000
vt 0.266602 0.500000
vt 0.267578 0.500000
vt 0.268555 0.500000
vt 0.269531 0.500000
vt 0.270508 0.500000
vt 0.271484 0.500000
vt 0.272461 0.500000
vt 0.273438 0.500000
vt 0.274414 0.500000
vt 0.275391 0.500000
vt 0.276367 0.500000
vt 0.277344 0.500000
vt 0.278320 0.500000
vt 0.279297 0.500000
vt 0.280273 0.500000
vt 0.218750 1.000000
vt 0.218750 0.500000
vt 0.219727 0.500000
vt 0.220703 0.500000
vt 0.221680 0.500000
vt 0.222656 0.500000
vt 0.223633 0.500000
vt 0.224609 0.500000
vt 0.225586 0.500000
vt 0.226562 0.500000
vt 0.227539 0.500000
vt 0.228516 0.500000
vt 0.229492 0.500000
vt 0.230469 0.500000
vt 0.231445 0.500000
vt 0.232422 0.500000
vt 0.233398 0.500000
vt 0.234375 0.500000
vt 0.235352 0.500000
vt 0.236328 0.500000
vt 0.237305 0.500000
vt 0.238281 0.500000
vt 0.239258 0.500000
vt 0.240234 0.500000
vt 0.241211 0.500000
vt 0.242188 0.500000
vt 0.243164 0.500000
vt 0.244141 0.500000
vt 0.245117 0.500000
vt 0.246094 0.500000
vt 0.247070 0.500000
vt 0.248047 0.500000
vt 0.249023 0.500000
vt 0.187500 1.000000
vt 0.187500 0.500000
vt 0.188477 0.500000
vt 0.189453 0.500000
vt 0.190430 0.500000
vt 0.191406 0.500000
vt 0.192383 0.500000
vt 0.193359 0.500000
vt 0.194336 0.500000
vt 0.195312 0.500000
vt 0.196289 0.500000
vt 0.197266 0.500000
vt 0.198242 0.500000
vt 0.199219 0.500000
vt 0.200195 0.500000
vt 0.201172 0.500000
vt 0.202148 0.500000
vt 0.203125 0.500000
vt 0.204102 0.500000
vt 0.205078 0.500000
vt 0.206055 0.500000
vt 0.207031 0.500000
vt 0.208008 0.500000
vt 0.208984 0.500000
vt 0.209961 0.500000
vt 0.210938 0.500000
vt 0.211914 0.500000
vt 0.212891 0.500000
vt 0.213867 0.500000
vt 0.214844 0.500000
vt 0.215820 0.500000
vt 0.216797 0.500000
vt 0.217773 0.500000
vt 0.156250 1.000000
vt 0.156250 0.500000
vt 0.157227 0.500000
vt 0.158203 0.500000
vt 0.159180 0.500000
vt 0.160156 0.500000
vt 0.161133 0.500000
vt 0.162109 0.500000
vt 0.163086 0.500000
vt 0.164062 0.500000
vt 0.165039 0.500000
vt 0.166016 0.500000
vt 0.166992 0.500000
vt 0.167969 0.500000
vt 0.168945 0.500000
vt 0.169922 0.500000
vt 0.170898 0.500000
vt 0.171875 0.500000
vt 0.172852 0.500000
vt 0.173828 0.500000
vt 0.174805 0.500000
vt 0.175781 0.500000
vt 0.176758 0.500000
vt 0.177734 0.500000
vt 0.178711 0.500000
vt 0.179688 0.500000
vt 0.180664 0.500000
vt 0.181641 0.500000
vt 0.182617 0.500000
vt 0.183594 0.500000
vt 0.184570 0.500000
vt 0.185547 0.500000
vt 0.186523 0.500000
vt 0.125000 1.000000
vt 0.125000 0.500000
vt 0.125977 0.500000
vt 0.126953 0.500000
vt 0.127930 0.500000
vt 0.128906 0.500000
vt 0.129883 0.500000
vt 0.130859 0.500000
vt 0.131836 0.500000
vt 0.132812 0.500000
vt 0.133789 0.500000
vt 0.134766 0.500000
vt 0.135742 0.500000
vt 0.136719 0.500000
vt 0.137695 0.500000
vt 0.138672 0.500000
vt 0.139648 0.500000
vt 0.140625 0.500000
vt 0.141602 0.500000
vt 0.142578 0.500000
vt 0.143555 0.500000
vt 0.144531 0.500000
vt 0.145508 0.500000
vt 0.146484 0.500000
vt 0.147461 0.500000
vt 0.148438 0.500000
vt 0.149414 0.500000
vt 0.150391 0.500000
vt 0.151367 0.500000
vt 0.152344 0.500000
vt 0.153320 0.500000
vt 0.154297 0.500000
vt 0.155273 0.500000
vt 0.093750 1.000000
vt 0.093750 0.500000
vt 0.094727 0.500000
vt 0.095703 0.500000
vt 0.096680 0.500000
vt 0.097656 0.500000
vt 0.098633 0.500000
vt 0.099609 0.500000
vt 0.100586 0.500000
vt 0.101562 0.500000
vt 0.102539 0.500000
vt 0.103516 0.500000
vt 0.104492 0.500000
vt 0.105469 0.500000
vt 0.106445 0.500000
vt 0.107422 0.500000
vt 0.108398 0.500000
vt 0.109375 0.500000
vt 0.110352 0.500000
vt 0.111328 0.500000
vt 0.112305 0.500000
vt 0.113281 0.500000
vt 0.114258 0.500000
vt 0.115234 0.500000
vt 0.116211 0.500000
vt 0.117188 0.500000
vt 0.118164 0.500000
vt 0.119141 0.500000
vt 0.120117 0.500000
vt 0.121094 0.500000
vt 0.122070 0.500000
vt 0.123047 0.500000
vt 0.124023 0.500000
vt 0.062500 1.000000
vt 0.062500 0.500000
vt 0.063477 0.500000
vt 0.064453 0.500000
vt 0.065430 0.500000
vt 0.066406 0.500000
vt 0.067383 0.500000
vt 0.068359 0.500000
vt 0.069336 0.500000
vt 0.070312 0.500000
vt 0.071289 0.500000
vt 0.072266 0.500000
vt 0.073242 0.500000
vt 0.074219 0.500000
vt 0.075195 0.500000
vt 0.076172 0.500000
vt 0.077148 0.500000
vt 0.078125 0.500000
vt 0.079102 0.500000
vt 0.080078 0.500000
vt 0.081055 0.500000
vt 0.082031 0.500000
vt 0.083008 0.500000
vt 0.083984 0.500000
vt 0.084961 0.500000
vt 0.085938 0.500000
vt 0.086914 0.500000
vt 0.087891 0.500000
vt 0.088867 0.500000
vt 0.089844 0.500000
vt 0.090820 0.500000
vt 0.091797 0.500000
vt 0.092773 0.500000
vt 0.296822 0.485388
vt 0.250000 0.490000
vt 0.203178 0.485388
vt 0.158156 0.471731
vt 0.116663 0.449553
vt 0.080294 0.419706
vt 0.050447 0.383337
vt 0.028269 0.341844
vt 0.014612 0.296822
vt 0.010000 0.250000
vt 0.014612 0.203178
vt 0.028269 0.158156
vt 0.050447 0.116663
vt 0.080294 0.080294
vt 0.116663 0.050447
vt 0.158156 0.028269
vt 0.203178 0.014612
vt 0.250000 0.010000
vt 0.296822 0.014612
vt 0.341844 0.028269
vt 0.383337 0.050447
vt 0.419706 0.080294
vt 0.449553 0.116663
vt 0.471731 0.158156
vt 0.485388 0.203178
vt 0.490000 0.250000
vt 0.485388 0.296822
vt 0.471731 0.341844
vt 0.449553 0.383337
vt 0.419706 0.419706
vt 0.383337 0.449553
vt 0.341844 0.471731
vt 0.031250 1.000000
vt 0.031250 0.500000
vt 0.032227 0.500000
vt 0.033203 0.500000
vt 0.034180 0.500000
vt 0.035156 0.500000
vt 0.036133 0.500000
vt 0.037109 0.500000
vt 0.038086 0.500000
vt 0.039062 0.500000
vt 0.040039 0.500000
vt 0.041016 0.500000
vt 0.041992 0.500000
vt 0.042969 0.500000
vt 0.043945 0.500000
vt 0.044922 0.500000
vt 0.045898 0.500000
vt 0.046875 0.500000
vt 0.047852 0.500000
vt 0.048828 0.500000
vt 0.049805 0.500000
vt 0.050781 0.500000
vt 0.051758 0.500000
vt 0.052734 0.500000
vt 0.053711 0.500000
vt 0.054688 0.500000
vt 0.055664 0.500000
vt 0.056641 0.500000
vt 0.057617 0.500000
vt 0.058594 0.500000
vt 0.059570 0.500000
vt 0.060547 0.500000
vt 0.061523 0.500000
vt 0.000000 1.000000
vt 0.000000 0.500000
vt 0.000977 0.500000
vt 0.001953 0.500000
vt 0.002930 0.500000
vt 0.003906 0.500000
vt 0.004883 0.500000
vt 0.005859 0.500000
vt 0.006836 0.500000
vt 0.007812 0.500000
vt 0.008789 0.500000
vt 0.009766 0.500000
vt 0.010742 0.500000
vt 0.011719 0.500000
vt 0.012695 0.500000
vt 0.013672 0.500000
vt 0.014648 0.500000
vt 0.015625 0.500000
vt 0.016602 0.500000
vt 0.017578 0.500000
vt 0.018555 0.500000
vt 0.019531 0.500000
vt 0.020508 0.500000
vt 0.021484 0.500000
vt 0.022461 0.500000
vt 0.023438 0.500000
vt 0.024414 0.500000
vt 0.025391 0.500000
vt 0.026367 0.500000
vt 0.027344 0.500000
vt 0.028320 0.500000
vt 0.029297 0.500000
vt 0.030273 0.500000
vt 0.365501 0.000158
vt 0.367509 0.000557
vt 0.369517 0.000957
vt 0.371525 0.001356
vt 0.373533 0.001755
vt 0.375541 0.002155
vt 0.377549 0.002554
vt 0.379557 0.002954
vt 0.381565 0.003353
vt 0.383573 0.003753
vt 0.385581 0.004152
vt 0.387589 0.004551
vt 0.389597 0.004951
vt 0.391605 0.005350
vt 0.393613 0.005750
vt 0.395621 0.006149
vt 0.397629 0.006548
vt 0.399637 0.006948
vt 0.401644 0.007347
vt 0.403652 0.007747
vt 0.405660 0.008146
vt 0.407668 0.008546
vt 0.409676 0.008945
vt 0.411684 0.009344
vt 0.413692 0.009744
vt 0.415700 0.010143
vt 0.417708 0.010543
vt 0.419716 0.010942
vt 0.421724 0.011341
vt 0.423732 0.011741
vt 0.425740 0.012140
vt 0.427748 0.012540
vt 0.429756 0.012939
vt 0.431648 0.013722
vt 0.433539 0.014506
vt 0.435430 0.015289
vt 0.437322 0.016073
vt 0.439213 0.016856
vt 0.441105 0.017640
vt 0.442996 0.018423
vt 0.444888 0.019207
vt 0.446779 0.019990
vt 0.448671 0.020774
vt 0.450562 0.021557
vt 0.452454 0.022341
vt 0.454345 0.023124
vt 0.456237 0.023908
vt 0.458128 0.024691
vt 0.460020 0.025475
vt 0.461911 0.026258
vt 0.463802 0.027042
vt 0.465694 0.027825
vt 0.467585 0.028608
vt 0.469477 0.029392
vt 0.471368 0.030175
vt 0.473260 0.030959
vt 0.475151 0.031742
vt 0.477043 0.032526
vt 0.478934 0.033309
vt 0.480826 0.034093
vt 0.482717 0.034876
vt 0.484609 0.035660
vt 0.486500 0.036443
vt 0.488391 0.037227
vt 0.490283 0.038010
vt 0.491985 0.039148
vt 0.493687 0.040285
vt 0.495390 0.041422
vt 0.497092 0.042560
vt 0.498794 0.043697
vt 0.500497 0.044835
vt 0.502199 0.045972
vt 0.503901 0.047110
vt 0.505603 0.048247
vt 0.507306 0.049384
vt 0.509008 0.050522
vt 0.510710 0.051659
vt 0.512413 0.052797
vt 0.514115 0.053934
vt 0.515817 0.055072
vt 0.517519 0.056209
vt 0.519222 0.057346
vt 0.520924 0.058484
vt 0.522626 0.059621
vt 0.524329 0.060759
vt 0.526031 0.061896
vt 0.527733 0.063034
vt 0.529435 0.064171
vt 0.531138 0.065308
vt 0.532840 0.066446
vt 0.534542 0.067583
vt 0.536244 0.068721
vt 0.537947 0.069858
vt 0.539649 0.070995
vt 0.541351 0.072133
vt 0.543053 0.073270
vt 0.544756 0.074408
vt 0.546203 0.075855
vt 0.547651 0.077303
vt 0.549099 0.078751
vt 0.550546 0.080198
vt 0.551994 0.081646
vt 0.553442 0.083094
vt 0.554889 0.084541
vt 0.556337 0.085989
vt 0.557785 0.087437
vt 0.559232 0.088884
vt 0.560680 0.090332
vt 0.562128 0.091780
vt 0.563575 0.093227
vt 0.565023 0.094675
vt 0.566471 0.096123
vt 0.567918 0.097570
vt 0.569366 0.099018
vt 0.570814 0.100466
vt 0.572261 0.101913
vt 0.573709 0.103361
vt 0.575157 0.104809
vt 0.576604 0.106256
vt 0.578052 0.107704
vt 0.579500 0.109152
vt 0.580947 0.110599
vt 0.582395 0.112047
vt 0.583843 0.113495
vt 0.585290 0.114942
vt 0.586738 0.116390
vt 0.588186 0.117838
vt 0.589633 0.119285
vt 0.591081 0.120733
vt 0.592218 0.122435
vt 0.593356 0.124137
vt 0.594493 0.125840
vt 0.595631 0.127542
vt 0.596768 0.129244
vt 0.597905 0.130947
vt 0.599043 0.132649
vt 0.600180 0.134351
vt 0.601318 0.136054
vt 0.602455 0.137756
vt 0.603593 0.139458
vt 0.604730 0.141160
vt 0.605868 0.142863
vt 0.607005 0.144565
vt 0.608142 0.146267
vt 0.609280 0.147969
vt 0.610417 0.149672
vt 0.611555 0.151374
vt 0.612692 0.153076
vt 0.613829 0.154779
vt 0.614967 0.156481
vt 0.616104 0.158183
vt 0.617242 0.159885
vt 0.618379 0.161588
vt 0.619517 0.163290
vt 0.620654 0.164992
vt 0.621791 0.166694
vt 0.622929 0.168397
vt 0.624066 0.170099
vt 0.625204 0.171801
vt 0.626341 0.173503
vt 0.627479 0.175206
vt 0.628262 0.177097
vt 0.629045 0.178989
vt 0.629829 0.180880
vt 0.630612 0.182772
vt 0.631396 0.184663
vt 0.632179 0.186555
vt 0.632963 0.188446
vt 0.633746 0.190338
vt 0.634530 0.192229
vt 0.635313 0.194120
vt 0.636097 0.196012
vt 0.636880 0.197903
vt 0.637664 0.199795
vt 0.638447 0.201686
vt 0.639231 0.203578
vt 0.640014 0.205469
vt 0.640798 0.207361
vt 0.641581 0.209252
vt 0.642364 0.211144
vt 0.643148 0.213035
vt 0.643931 0.214927
vt 0.644715 0.216818
vt 0.645498 0.218709
vt 0.646282 0.220601
vt 0.647065 0.222492
vt 0.647849 0.224384
vt 0.648632 0.226275
vt 0.649416 0.228167
vt 0.650199 0.230058
vt 0.650983 0.231950
vt 0.651766 0.233841
vt 0.652550 0.235733
vt 0.652949 0.237741
vt 0.653348 0.239749
vt 0.653748 0.241757
vt 0.654147 0.243765
vt 0.654547 0.245772
vt 0.654946 0.247780
vt 0.655345 0.249788
vt 0.655745 0.251796
vt 0.656144 0.253804
vt 0.656544 0.255812
vt 0.656943 0.257820
vt 0.657342 0.259828
vt 0.657742 0.261836
vt 0.658141 0.263844
vt 0.658541 0.265852
vt 0.658940 0.267860
vt 0.659339 0.269868
vt 0.659739 0.271876
vt 0.660138 0.273884
vt 0.660538 0.275892
vt 0.660937 0.277900
vt 0.661336 0.279908
vt 0.661736 0.281916
vt 0.662135 0.283924
vt 0.662535 0.285932
vt 0.662934 0.287940
vt 0.663334 0.289948
vt 0.663733 0.291956
vt 0.664132 0.293964
vt 0.664532 0.295972
vt 0.664931 0.297980
vt 0.665331 0.299988
vt 0.665331 0.302035
vt 0.665331 0.304082
vt 0.665331 0.306129
vt 0.665331 0.308177
vt 0.665331 0.310224
vt 0.665331 0.312271
vt 0.665331 0.314319
vt 0.665331 0.316366
vt 0.665331 0.318413
vt 0.665331 0.320461
vt 0.665331 0.322508
vt 0.665331 0.324555
vt 0.665331 0.326603
vt 0.665331 0.328650
vt 0.665331 0.330697
vt 0.665331 0.332745
vt 0.665331 0.334792
vt 0.665331 0.336839
vt 0.665331 0.338887
vt 0.665331 0.340934
vt 0.665331 0.342981
vt 0.665331 0.345028
vt 0.665331 0.347076
vt 0.665331 0.349123
vt 0.665331 0.351170
vt 0.665331 0.353218
vt 0.665331 0.355265
vt 0.665331 0.357312
vt 0.665331 0.359360
vt 0.665331 0.361407
vt 0.665331 0.363454
vt 0.665331 0.365501
vt 0.664931 0.367509
vt 0.664532 0.369517
vt 0.664132 0.371525
vt 0.663733 0.373533
vt 0.663334 0.375541
vt 0.662934 0.377549
vt 0.662535 0.379557
vt 0.662135 0.381565
vt 0.661736 0.383573
vt 0.661336 0.385581
vt 0.660937 0.387589
vt 0.660538 0.389597
vt 0.660138 0.391605
vt 0.659739 0.393613
vt 0.659339 0.395621
vt 0.658940 0.397629
vt 0.658541 0.399637
vt 0.658141 0.401645
vt 0.657742 0.403653
vt 0.657342 0.405661
vt 0.656943 0.407669
vt 0.656544 0.409677
vt 0.656144 0.411685
vt 0.655745 0.413692
vt 0.655345 0.415700
vt 0.654946 0.417708
vt 0.654546 0.419716
vt 0.654147 0.421724
vt 0.653748 0.423732
vt 0.653348 0.425740
vt 0.652949 0.427748
vt 0.652550 0.429756
vt 0.651766 0.431648
vt 0.650982 0.433539
vt 0.650199 0.435431
vt 0.649416 0.437322
vt 0.648632 0.439214
vt 0.647849 0.441105
vt 0.647065 0.442997
vt 0.646282 0.444888
vt 0.645498 0.446780
vt 0.644715 0.448671
vt 0.643931 0.450563
vt 0.643148 0.452454
vt 0.642364 0.454345
vt 0.641581 0.456237
vt 0.640797 0.458128
vt 0.640014 0.460020
vt 0.639230 0.461911
vt 0.638447 0.463803
vt 0.637664 0.465694
vt 0.636880 0.467586
vt 0.636097 0.469477
vt 0.635313 0.471368
vt 0.634530 0.473260
vt 0.633746 0.475151
vt 0.632963 0.477043
vt 0.632179 0.478934
vt 0.631396 0.480826
vt 0.630612 0.482717
vt 0.629829 0.484609
vt 0.629045 0.486500
vt 0.628262 0.488392
vt 0.627478 0.490283
vt 0.626341 0.491985
vt 0.625204 0.493688
vt 0.624066 0.495390
vt 0.622929 0.497092
vt 0.621791 0.498795
vt 0.620654 0.500497
vt 0.619516 0.502199
vt 0.618379 0.503901
vt 0.617242 0.505604
vt 0.616104 0.507306
vt 0.614967 0.509008
vt 0.613829 0.510711
vt 0.612692 0.512413
vt 0.611554 0.514115
vt 0.610417 0.515817
vt 0.609280 0.517520
vt 0.608142 0.519222
vt 0.607005 0.520924
vt 0.605867 0.522626
vt 0.604730 0.524329
vt 0.603593 0.526031
vt 0.602455 0.527733
vt 0.601318 0.529435
vt 0.600180 0.531138
vt 0.599043 0.532840
vt 0.597906 0.534542
vt 0.596768 0.536244
vt 0.595631 0.537947
vt 0.594493 0.539649
vt 0.593356 0.541351
vt 0.592218 0.543054
vt 0.591081 0.544756
vt 0.589633 0.546203
vt 0.588186 0.547651
vt 0.586738 0.549099
vt 0.585290 0.550547
vt 0.583843 0.551994
vt 0.582395 0.553442
vt 0.580947 0.554890
vt 0.579500 0.556337
vt 0.578052 0.557785
vt 0.576604 0.559233
vt 0.575157 0.560680
vt 0.573709 0.562128
vt 0.572261 0.563576
vt 0.570814 0.565023
vt 0.569366 0.566471
vt 0.567918 0.567919
vt 0.566471 0.569366
vt 0.565023 0.570814
vt 0.563575 0.572262
vt 0.562128 0.573709
vt 0.560680 0.575157
vt 0.559232 0.576605
vt 0.557785 0.578052
vt 0.556337 0.579500
vt 0.554890 0.580947
vt 0.553442 0.582395
vt 0.551994 0.583843
vt 0.550547 0.585290
vt 0.549099 0.586738
vt 0.547651 0.588186
vt 0.546204 0.589633
vt 0.544756 0.591081
vt 0.543054 0.592219
vt 0.541351 0.593356
vt 0.539649 0.594493
vt 0.537947 0.595631
vt 0.536245 0.596768
vt 0.534542 0.597906
vt 0.532840 0.599043
vt 0.531138 0.600181
vt 0.529435 0.601318
vt 0.527733 0.602455
vt 0.526031 0.603593
vt 0.524329 0.604730
vt 0.522626 0.605868
vt 0.520924 0.607005
vt 0.519222 0.608142
vt 0.517520 0.609280
vt 0.515818 0.610417
vt 0.514115 0.611555
vt 0.512413 0.612692
vt 0.510711 0.613829
vt 0.509009 0.614967
vt 0.507306 0.616104
vt 0.505604 0.617242
vt 0.503902 0.618379
vt 0.502200 0.619517
vt 0.500497 0.620654
vt 0.498795 0.621791
vt 0.497093 0.622929
vt 0.495391 0.624066
vt 0.493688 0.625204
vt 0.491986 0.626341
vt 0.490284 0.627479
vt 0.488392 0.628262
vt 0.486501 0.629045
vt 0.484609 0.629829
vt 0.482718 0.630612
vt 0.480826 0.631396
vt 0.478935 0.632179
vt 0.477043 0.632963
vt 0.475152 0.633746
vt 0.473260 0.634530
vt 0.471369 0.635313
vt 0.469477 0.636097
vt 0.467586 0.636880
vt 0.465694 0.637664
vt 0.463803 0.638447
vt 0.461911 0.639231
vt 0.460020 0.640014
vt 0.458128 0.640798
vt 0.456237 0.641581
vt 0.454346 0.642365
vt 0.452454 0.643148
vt 0.450563 0.643932
vt 0.448671 0.644715
vt 0.446780 0.645498
vt 0.444888 0.646282
vt 0.442997 0.647065
vt 0.441105 0.647849
vt 0.439214 0.648632
vt 0.437322 0.649416
vt 0.435431 0.650199
vt 0.433540 0.650983
vt 0.431648 0.651766
vt 0.429757 0.652550
vt 0.427749 0.652949
vt 0.425741 0.653349
vt 0.423733 0.653748
vt 0.421725 0.654147
vt 0.419717 0.654547
vt 0.417709 0.654946
vt 0.415701 0.655346
vt 0.413693 0.655745
vt 0.411685 0.656144
vt 0.409677 0.656544
vt 0.407669 0.656943
vt 0.405661 0.657343
vt 0.403653 0.657742
vt 0.401645 0.658141
vt 0.399637 0.658541
vt 0.397629 0.658940
vt 0.395621 0.659340
vt 0.393613 0.659739
vt 0.391605 0.660138
vt 0.389597 0.660538
vt 0.387589 0.660937
vt 0.385581 0.661337
vt 0.383573 0.661736
vt 0.381565 0.662136
vt 0.379557 0.662535
vt 0.377549 0.662934
vt 0.375541 0.663334
vt 0.373533 0.663733
vt 0.371525 0.664133
vt 0.369517 0.664532
vt 0.367509 0.664931
vt 0.365501 0.665331
vt 0.363454 0.665331
vt 0.361407 0.665331
vt 0.359359 0.665331
vt 0.357312 0.665331
vt 0.355265 0.665331
vt 0.353217 0.665331
vt 0.351170 0.665331
vt 0.349123 0.665331
vt 0.347075 0.665331
vt 0.345028 0.665331
vt 0.342981 0.665331
vt 0.340933 0.665331
vt 0.338886 0.665331
vt 0.336839 0.665331
vt 0.334791 0.665331
vt 0.332744 0.665331
vt 0.330697 0.665331
vt 0.328650 0.665331
vt 0.326602 0.665331
vt 0.324555 0.665331
vt 0.322508 0.665331
vt 0.320460 0.665331
vt 0.318413 0.665331
vt 0.316366 0.665331
vt 0.314319 0.665331
vt 0.312271 0.665331
vt 0.310224 0.665331
vt 0.308177 0.665331
vt 0.306129 0.665331
vt 0.304082 0.665331
vt 0.302035 0.665331
vt 0.299987 0.665331
vt 0.297979 0.664931
vt 0.295971 0.664532
vt 0.293963 0.664133
vt 0.291956 0.663733
vt 0.289948 0.663334
vt 0.287940 0.662934
vt 0.285932 0.662535
vt 0.283924 0.662136
vt 0.281916 0.661736
vt 0.279908 0.661337
vt 0.277900 0.660937
vt 0.275892 0.660538
vt 0.273884 0.660139
vt 0.271876 0.659739
vt 0.269868 0.659340
vt 0.267860 0.658941
vt 0.265852 0.658541
vt 0.263844 0.658142
vt 0.261836 0.657742
vt 0.259828 0.657343
vt 0.257821 0.656944
vt 0.255813 0.656544
vt 0.253805 0.656145
vt 0.251797 0.655745
vt 0.249789 0.655346
vt 0.247781 0.654947
vt 0.245773 0.654547
vt 0.243765 0.654148
vt 0.241757 0.653748
vt 0.239749 0.653349
vt 0.237741 0.652950
vt 0.235733 0.652550
vt 0.233841 0.651767
vt 0.231950 0.650983
vt 0.230058 0.650200
vt 0.228167 0.649416
vt 0.226275 0.648633
vt 0.224384 0.647849
vt 0.222492 0.647066
vt 0.220601 0.646282
vt 0.218710 0.645499
vt 0.216818 0.644715
vt 0.214927 0.643932
vt 0.213035 0.643148
vt 0.211144 0.642365
vt 0.209252 0.641581
vt 0.207361 0.640798
vt 0.205469 0.640014
vt 0.203578 0.639231
vt 0.201686 0.638448
vt 0.199795 0.637664
vt 0.197904 0.636881
vt 0.196012 0.636097
vt 0.194121 0.635314
vt 0.192229 0.634530
vt 0.190338 0.633747
vt 0.188446 0.632963
vt 0.186555 0.632180
vt 0.184663 0.631396
vt 0.182772 0.630613
vt 0.180880 0.629829
vt 0.178989 0.629046
vt 0.177097 0.628262
vt 0.175206 0.627479
vt 0.173504 0.626342
vt 0.171801 0.625204
vt 0.170099 0.624067
vt 0.168397 0.622929
vt 0.166694 0.621792
vt 0.164992 0.620654
vt 0.163290 0.619517
vt 0.161588 0.618380
vt 0.159885 0.617242
vt 0.158183 0.616105
vt 0.156481 0.614967
vt 0.154778 0.613830
vt 0.153076 0.612692
vt 0.151374 0.611555
vt 0.149672 0.610418
vt 0.147969 0.609280
vt 0.146267 0.608143
vt 0.144565 0.607005
vt 0.142863 0.605868
vt 0.141160 0.604731
vt 0.139458 0.603593
vt 0.137756 0.602456
vt 0.136054 0.601318
vt 0.134351 0.600181
vt 0.132649 0.599043
vt 0.130947 0.597906
vt 0.129245 0.596769
vt 0.127542 0.595631
vt 0.125840 0.594494
vt 0.124138 0.593356
vt 0.122435 0.592219
vt 0.120733 0.591081
vt 0.119285 0.589634
vt 0.117838 0.588186
vt 0.116390 0.586738
vt 0.114942 0.585291
vt 0.113495 0.583843
vt 0.112047 0.582395
vt 0.110599 0.580948
vt 0.109152 0.579500
vt 0.107704 0.578052
vt 0.106256 0.576605
vt 0.104809 0.575157
vt 0.103361 0.573709
vt 0.101913 0.572262
vt 0.100466 0.570814
vt 0.099018 0.569366
vt 0.097570 0.567919
vt 0.096123 0.566471
vt 0.094675 0.565023
vt 0.093227 0.563576
vt 0.091780 0.562128
vt 0.090332 0.560680
vt 0.088884 0.559233
vt 0.087437 0.557785
vt 0.085989 0.556337
vt 0.084541 0.554890
vt 0.083094 0.553442
vt 0.081646 0.551994
vt 0.080198 0.550547
vt 0.078751 0.549099
vt 0.077303 0.547651
vt 0.075855 0.546204
vt 0.074408 0.544756
vt 0.073270 0.543054
vt 0.072133 0.541351
vt 0.070995 0.539649
vt 0.069858 0.537947
vt 0.068720 0.536245
vt 0.067583 0.534542
vt 0.066446 0.532840
vt 0.065308 0.531138
vt 0.064171 0.529435
vt 0.063033 0.527733
vt 0.061896 0.526031
vt 0.060758 0.524328
vt 0.059621 0.522626
vt 0.058484 0.520924
vt 0.057346 0.519222
vt 0.056209 0.517519
vt 0.055071 0.515817
vt 0.053934 0.514115
vt 0.052796 0.512413
vt 0.051659 0.510710
vt 0.050522 0.509008
vt 0.049384 0.507306
vt 0.048247 0.505604
vt 0.047109 0.503901
vt 0.045972 0.502199
vt 0.044835 0.500497
vt 0.043697 0.498795
vt 0.042560 0.497092
vt 0.041422 0.495390
vt 0.040285 0.493688
vt 0.039147 0.491985
vt 0.038010 0.490283
vt 0.037227 0.488392
vt 0.036443 0.486500
vt 0.035660 0.484609
vt 0.034876 0.482717
vt 0.034093 0.480826
vt 0.033309 0.478934
vt 0.032526 0.477043
vt 0.031742 0.475151
vt 0.030959 0.473260
vt 0.030175 0.471368
vt 0.029392 0.469477
vt 0.028608 0.467585
vt 0.027825 0.465694
vt 0.027041 0.463802
vt 0.026258 0.461911
vt 0.025474 0.460019
vt 0.024691 0.458128
vt 0.023907 0.456237
vt 0.023124 0.454345
vt 0.022341 0.452454
vt 0.021557 0.450562
vt 0.020774 0.448671
vt 0.019990 0.446779
vt 0.019207 0.444888
vt 0.018423 0.442996
vt 0.017640 0.441105
vt 0.016856 0.439214
vt 0.016073 0.437322
vt 0.015289 0.435431
vt 0.014506 0.433539
vt 0.013722 0.431648
vt 0.012939 0.429756
vt 0.012540 0.427748
vt 0.012140 0.425740
vt 0.011741 0.423732
vt 0.011341 0.421724
vt 0.010942 0.419716
vt 0.010542 0.417708
vt 0.010143 0.415700
vt 0.009744 0.413692
vt 0.009344 0.411684
vt 0.008945 0.409676
vt 0.008545 0.407668
vt 0.008146 0.405660
vt 0.007747 0.403652
vt 0.007347 0.401644
vt 0.006948 0.399637
vt 0.006548 0.397629
vt 0.006149 0.395621
vt 0.005750 0.393613
vt 0.005350 0.391605
vt 0.004951 0.389597
vt 0.004551 0.387589
vt 0.004152 0.385581
vt 0.003753 0.383573
vt 0.003353 0.381565
vt 0.002954 0.379557
vt 0.002554 0.377549
vt 0.002155 0.375541
vt 0.001755 0.373533
vt 0.001356 0.371525
vt 0.000957 0.369517
vt 0.000557 0.367509
vt 0.000158 0.365501
vt 0.000158 0.363454
vt 0.000158 0.361407
vt 0.000158 0.359359
vt 0.000158 0.357312
vt 0.000158 0.355265
vt 0.000158 0.353217
vt 0.000158 0.351170
vt 0.000158 0.349123
vt 0.000158 0.347075
vt 0.000158 0.345028
vt 0.000158 0.342981
vt 0.000158 0.340933
vt 0.000158 0.338886
vt 0.000158 0.336839
vt 0.000158 0.334791
vt 0.000158 0.332744
vt 0.000158 0.330697
vt 0.000158 0.328650
vt 0.000158 0.326602
vt 0.000158 0.324555
vt 0.000158 0.322508
vt 0.000158 0.320460
vt 0.000158 0.318413
vt 0.000158 0.316366
vt 0.000158 0.314319
vt 0.000158 0.312271
vt 0.000158 0.310224
vt 0.000158 0.308177
vt 0.000158 0.306129
vt 0.000158 0.304082
vt 0.000158 0.302035
vt 0.000158 0.299987
vt 0.000557 0.297979
vt 0.000957 0.295971
vt 0.001356 0.293963
vt 0.001756 0.291955
vt 0.002155 0.289947
vt 0.002554 0.287939
vt 0.002954 0.285931
vt 0.003353 0.283924
vt 0.003753 0.281916
vt 0.004152 0.279908
vt 0.004551 0.277900
vt 0.004951 0.275892
vt 0.005350 0.273884
vt 0.005750 0.271876
vt 0.006149 0.269868
vt 0.006548 0.267860
vt 0.006948 0.265852
vt 0.007347 0.263844
vt 0.007747 0.261836
vt 0.008146 0.259828
vt 0.008545 0.257820
vt 0.008945 0.255812
vt 0.009344 0.253804
vt 0.009744 0.251796
vt 0.010143 0.249788
vt 0.010543 0.247780
vt 0.010942 0.245772
vt 0.011341 0.243764
vt 0.011741 0.241756
vt 0.012140 0.239748
vt 0.012540 0.237740
vt 0.012939 0.235732
vt 0.013722 0.233841
vt 0.014506 0.231949
vt 0.015289 0.230058
vt 0.016073 0.228166
vt 0.016856 0.226275
vt 0.017640 0.224384
vt 0.018423 0.222492
vt 0.019207 0.220601
vt 0.019990 0.218709
vt 0.020774 0.216818
vt 0.021557 0.214926
vt 0.022341 0.213035
vt 0.023124 0.211143
vt 0.023908 0.209252
vt 0.024691 0.207360
vt 0.025475 0.205469
vt 0.026258 0.203577
vt 0.027041 0.201686
vt 0.027825 0.199795
vt 0.028608 0.197903
vt 0.029392 0.196012
vt 0.030175 0.194120
vt 0.030959 0.192229
vt 0.031742 0.190337
vt 0.032526 0.188446
vt 0.033309 0.186554
vt 0.034092 0.184663
vt 0.034876 0.182771
vt 0.035659 0.180880
vt 0.036443 0.178989
vt 0.037226 0.177097
vt 0.038010 0.175206
vt 0.039147 0.173503
vt 0.040285 0.171801
vt 0.041422 0.170099
vt 0.042559 0.168396
vt 0.043697 0.166694
vt 0.044834 0.164992
vt 0.045972 0.163290
vt 0.047109 0.161587
vt 0.048247 0.159885
vt 0.049384 0.158183
vt 0.050521 0.156480
vt 0.051659 0.154778
vt 0.052796 0.153076
vt 0.053934 0.151374
vt 0.055071 0.149671
vt 0.056209 0.147969
vt 0.057346 0.146267
vt 0.058483 0.144565
vt 0.059621 0.142862
vt 0.060758 0.141160
vt 0.061896 0.139458
vt 0.063033 0.137755
vt 0.064170 0.136053
vt 0.065308 0.134351
vt 0.066445 0.132649
vt 0.067582 0.130946
vt 0.068720 0.129244
vt 0.069857 0.127542
vt 0.070995 0.125840
vt 0.072132 0.124137
vt 0.073270 0.122435
vt 0.074407 0.120733
vt 0.075855 0.119285
vt 0.077302 0.117837
vt 0.078750 0.116390
vt 0.080198 0.114942
vt 0.081645 0.113494
vt 0.083093 0.112047
vt 0.084541 0.110599
vt 0.085988 0.109151
vt 0.087436 0.107704
vt 0.088884 0.106256
vt 0.090331 0.104808
vt 0.091779 0.103361
vt 0.093227 0.101913
vt 0.094674 0.100465
vt 0.096122 0.099018
vt 0.097570 0.097570
vt 0.099017 0.096122
vt 0.100465 0.094675
vt 0.101913 0.093227
vt 0.103360 0.091780
vt 0.104808 0.090332
vt 0.106255 0.088884
vt 0.107703 0.087437
vt 0.109151 0.085989
vt 0.110598 0.084541
vt 0.112046 0.083094
vt 0.113494 0.081646
vt 0.114941 0.080198
vt 0.116389 0.078751
vt 0.117837 0.077303
vt 0.119284 0.075855
vt 0.120732 0.074408
vt 0.122434 0.073270
vt 0.124137 0.072133
vt 0.125839 0.070995
vt 0.127541 0.069858
vt 0.129244 0.068721
vt 0.130946 0.067583
vt 0.132648 0.066446
vt 0.134350 0.065308
vt 0.136053 0.064171
vt 0.137755 0.063033
vt 0.139457 0.061896
vt 0.141160 0.060758
vt 0.142862 0.059621
vt 0.144564 0.058484
vt 0.146266 0.057346
vt 0.147969 0.056209
vt 0.149671 0.055071
vt 0.151373 0.053934
vt 0.153075 0.052796
vt 0.154778 0.051659
vt 0.156480 0.050522
vt 0.158182 0.049384
vt 0.159884 0.048247
vt 0.161587 0.047109
vt 0.163289 0.045972
vt 0.164991 0.044835
vt 0.166693 0.043697
vt 0.168396 0.042560
vt 0.170098 0.041422
vt 0.171800 0.040285
vt 0.173503 0.039147
vt 0.175205 0.038010
vt 0.177096 0.037227
vt 0.178988 0.036443
vt 0.180879 0.035660
vt 0.182771 0.034876
vt 0.184662 0.034093
vt 0.186554 0.033309
vt 0.188445 0.032526
vt 0.190337 0.031742
vt 0.192228 0.030959
vt 0.194120 0.030175
vt 0.196011 0.029392
vt 0.197903 0.028608
vt 0.199794 0.027825
vt 0.201686 0.027041
vt 0.203577 0.026258
vt 0.205468 0.025474
vt 0.207360 0.024691
vt 0.209251 0.023908
vt 0.211143 0.023124
vt 0.213034 0.022341
vt 0.214925 0.021557
vt 0.216817 0.020774
vt 0.218708 0.019990
vt 0.220600 0.019207
vt 0.222491 0.018423
vt 0.224383 0.017640
vt 0.226274 0.016856
vt 0.228166 0.016073
vt 0.230057 0.015289
vt 0.231949 0.014506
vt 0.233840 0.013722
vt 0.235732 0.012939
vt 0.237740 0.012540
vt 0.239748 0.012140
vt 0.241756 0.011741
vt 0.243764 0.011341
vt 0.245772 0.010942
vt 0.247780 0.010543
vt 0.249788 0.010143
vt 0.251796 0.009744
vt 0.253803 0.009344
vt 0.255811 0.008945
vt 0.257819 0.008545
vt 0.259827 0.008146
vt 0.261835 0.007747
vt 0.263843 0.007347
vt 0.265851 0.006948
vt 0.267859 0.006548
vt 0.269867 0.006149
vt 0.271875 0.005750
vt 0.273883 0.005350
vt 0.275891 0.004951
vt 0.277899 0.004551
vt 0.279907 0.004152
vt 0.281915 0.003753
vt 0.283923 0.003353
vt 0.285931 0.002954
vt 0.287939 0.002554
vt 0.289947 0.002155
vt 0.291955 0.001755
vt 0.293963 0.001356
vt 0.295971 0.000957
vt 0.297979 0.000557
vt 0.299987 0.000158
vt 0.302034 0.000158
vt 0.304081 0.000158
vt 0.306129 0.000158
vt 0.308176 0.000158
vt 0.310223 0.000158
vt 0.312271 0.000158
vt 0.314318 0.000158
vt 0.316365 0.000158
vt 0.318413 0.000158
vt 0.320460 0.000158
vt 0.322507 0.000158
vt 0.324555 0.000158
vt 0.326602 0.000158
vt 0.328649 0.000158
vt 0.330697 0.000158
vt 0.332744 0.000158
vt 0.334791 0.000158
vt 0.336839 0.000158
vt 0.338886 0.000158
vt 0.340933 0.000158
vt 0.342980 0.000158
vt 0.345028 0.000158
vt 0.347075 0.000158
vt 0.349122 0.000158
vt 0.351170 0.000158
vt 0.353217 0.000158
vt 0.355264 0.000158
vt 0.357312 0.000158
vt 0.359359 0.000158
vt 0.361406 0.000158
vt 0.363453 0.000158
vt 0.665646 0.501767
vt 0.665646 0.418218
vt 0.749195 0.418218
vt 0.749195 0.501767
vt 0.832744 0.418218
vt 0.832744 0.501767
vt 0.916293 0.418218
vt 0.916293 0.501767
vt 0.999842 0.418218
vt 0.999842 0.501767
vt 0.832744 0.585316
vt 0.916293 0.585316
vt 0.832744 0.334669
vt 0.916293 0.334669
vt 0.083707 0.665647
vt 0.167256 0.665647
vt 0.167256 0.749195
vt 0.083707 0.749195
vt 0.167256 0.832744
vt 0.083707 0.832744
vt 0.167256 0.916293
vt 0.083707 0.916293
vt 0.167256 0.999842
vt 0.083707 0.999842
vt 0.000158 0.832744
vt 0.000158 0.916293
vt 0.250805 0.832744
vt 0.250805 0.916293
vt 0.832744 0.167256
vt 0.825782 0.167256
vt 0.825782 0.139406
vt 0.832744 0.139406
vt 0.825782 0.111556
vt 0.832744 0.111556
vt 0.825782 0.083707
vt 0.832744 0.083707
vt 0.825782 0.055857
vt 0.832744 0.055857
vt 0.825782 0.028007
vt 0.832744 0.028007
vt 0.825782 0.000158
vt 0.832744 0.000158
vt 0.832744 0.334353
vt 0.825782 0.334353
vt 0.825782 0.306504
vt 0.832744 0.306504
vt 0.825782 0.278654
vt 0.832744 0.278654
vt 0.825782 0.250805
vt 0.832744 0.250805
vt 0.825782 0.222955
vt 0.832744 0.222955
vt 0.825782 0.195105
vt 0.832744 0.195105
vt 0.818819 0.167256
vt 0.818819 0.139406
vt 0.818819 0.111556
vt 0.818819 0.083707
vt 0.818819 0.055857
vt 0.818819 0.028007
vt 0.818819 0.000158
vt 0.818819 0.334353
vt 0.818819 0.306504
vt 0.818819 0.278654
vt 0.818819 0.250805
vt 0.818819 0.222955
vt 0.818819 0.195105
vt 0.811857 0.167256
vt 0.811857 0.139406
vt 0.811857 0.111556
vt 0.811857 0.083707
vt 0.811857 0.055857
vt 0.811857 0.028007
vt 0.811857 0.000158
vt 0.811857 0.334353
vt 0.811857 0.306504
vt 0.811857 0.278654
vt 0.811857 0.250805
vt 0.811857 0.222955
vt 0.811857 0.195105
vt 0.804894 0.167256
vt 0.804894 0.139406
vt 0.804894 0.111556
vt 0.804894 0.083707
vt 0.804894 0.055857
vt 0.804894 0.028007
vt 0.804894 0.000158
vt 0.804894 0.334353
vt 0.804894 0.306504
vt 0.804894 0.278654
vt 0.804894 0.250805
vt 0.804894 0.222955
vt 0.804894 0.195105
vt 0.797932 0.167256
vt 0.797932 0.139406
vt 0.797932 0.111556
vt 0.797932 0.083707
vt 0.797932 0.055857
vt 0.797932 0.028007
vt 0.797932 0.000158
vt 0.797932 0.334353
vt 0.797932 0.306504
vt 0.797932 0.278654
vt 0.797932 0.250805
vt 0.797932 0.222955
vt 0.797932 0.195105
vt 0.790970 0.167256
vt 0.790970 0.139406
vt 0.790970 0.111556
vt 0.790970 0.083707
vt 0.790970 0.055857
vt 0.790970 0.028007
vt 0.790970 0.000158
vt 0.790970 0.334353
vt 0.790970 0.306504
vt 0.790970 0.278654
vt 0.790970 0.250805
vt 0.790970 0.222955
vt 0.790970 0.195105
vt 0.784007 0.167256
vt 0.784007 0.139406
vt 0.784007 0.111556
vt 0.784007 0.083707
vt 0.784007 0.055857
vt 0.784007 0.028007
vt 0.784007 0.000158
vt 0.784007 0.334353
vt 0.784007 0.306504
vt 0.784007 0.278654
vt 0.784007 0.250805
vt 0.784007 0.222955
vt 0.784007 0.195105
vt 0.777045 0.167256
vt 0.777045 0.139406
vt 0.777045 0.111556
vt 0.777045 0.083707
vt 0.777045 0.055857
vt 0.777045 0.028007
vt 0.777045 0.000158
vt 0.777045 0.334353
vt 0.777045 0.306504
vt 0.777045 0.278654
vt 0.777045 0.250805
vt 0.777045 0.222955
vt 0.777045 0.195105
vt 0.770082 0.167256
vt 0.770082 0.139406
vt 0.770082 0.111556
vt 0.770082 0.083707
vt 0.770082 0.055857
vt 0.770082 0.028007
vt 0.770082 0.000158
vt 0.770082 0.334353
vt 0.770082 0.306504
vt 0.770082 0.278654
vt 0.770082 0.250805
vt 0.770082 0.222955
vt 0.770082 0.195105
vt 0.763120 0.167256
vt 0.763120 0.139406
vt 0.763120 0.111556
vt 0.763120 0.083707
vt 0.763120 0.055857
vt 0.763120 0.028007
vt 0.763120 0.000158
vt 0.763120 0.334353
vt 0.763120 0.306504
vt 0.763120 0.278654
vt 0.763120 0.250805
vt 0.763120 0.222955
vt 0.763120 0.195105
vt 0.756158 0.167256
vt 0.756158 0.139406
vt 0.756158 0.111556
vt 0.756158 0.083707
vt 0.756158 0.055857
vt 0.756158 0.028007
vt 0.756158 0.000158
vt 0.756158 0.334353
vt 0.756158 0.306504
vt 0.756158 0.278654
vt 0.756158 0.250805
vt 0.756158 0.222955
vt 0.756158 0.195105
vt 0.749195 0.167256
vt 0.749195 0.139406
vt 0.749195 0.111556
vt 0.749195 0.083707
vt 0.749195 0.055857
vt 0.749195 0.028007
vt 0.749195 0.000158
vt 0.749195 0.334353
vt 0.749195 0.306504
vt 0.749195 0.278654
vt 0.749195 0.250805
vt 0.749195 0.222955
vt 0.749195 0.195105
vt 0.742233 0.167256
vt 0.742233 0.139406
vt 0.742233 0.111556
vt 0.742233 0.083707
vt 0.742233 0.055857
vt 0.742233 0.028007
vt 0.742233 0.000158
vt 0.742233 0.334353
vt 0.742233 0.306504
vt 0.742233 0.278654
vt 0.742233 0.250805
vt 0.742233 0.222955
vt 0.742233 0.195105
vt 0.735270 0.167256
vt 0.735270 0.139406
vt 0.735270 0.111556
vt 0.735270 0.083707
vt 0.735270 0.055857
vt 0.735270 0.028007
vt 0.735270 0.000158
vt 0.735270 0.334353
vt 0.735270 0.306504
vt 0.735270 0.278654
vt 0.735270 0.250805
vt 0.735270 0.222955
vt 0.735270 0.195105
vt 0.728308 0.167256
vt 0.728308 0.139406
vt 0.728308 0.111556
vt 0.728308 0.083707
vt 0.728308 0.055857
vt 0.728308 0.028007
vt 0.728308 0.000158
vt 0.728308 0.334353
vt 0.728308 0.306504
vt 0.728308 0.278654
vt 0.728308 0.250805
vt 0.728308 0.222955
vt 0.728308 0.195105
vt 0.721346 0.167256
vt 0.721345 0.139406
vt 0.721345 0.111556
vt 0.721345 0.083707
vt 0.721345 0.055857
vt 0.721345 0.028007
vt 0.721345 0.000158
vt 0.721346 0.334353
vt 0.721346 0.306504
vt 0.721346 0.278654
vt 0.721346 0.250805
vt 0.721346 0.222955
vt 0.721346 0.195105
vt 0.714383 0.167256
vt 0.714383 0.139406
vt 0.714383 0.111556
vt 0.714383 0.083707
vt 0.714383 0.055857
vt 0.714383 0.028007
vt 0.714383 0.000158
vt 0.714383 0.334353
vt 0.714383 0.306504
vt 0.714383 0.278654
vt 0.714383 0.250805
vt 0.714383 0.222955
vt 0.714383 0.195105
vt 0.707421 0.167256
vt 0.707421 0.139406
vt 0.707421 0.111556
vt 0.707421 0.083707
vt 0.707421 0.055857
vt 0.707421 0.028007
vt 0.707421 0.000158
vt 0.707421 0.334353
vt 0.707421 0.306504
vt 0.707421 0.278654
vt 0.707421 0.250805
vt 0.707421 0.222955
vt 0.707421 0.195105
vt 0.700458 0.167256
vt 0.700458 0.139406
vt 0.700458 0.111556
vt 0.700458 0.083707
vt 0.700458 0.055857
vt 0.700458 0.028007
vt 0.700458 0.000158
vt 0.700458 0.334353
vt 0.700458 0.306504
vt 0.700458 0.278654
vt 0.700458 0.250805
vt 0.700458 0.222955
vt 0.700458 0.195105
vt 0.693496 0.167256
vt 0.693496 0.139406
vt 0.693496 0.111556
vt 0.693496 0.083707
vt 0.693496 0.055857
vt 0.693496 0.028007
vt 0.693496 0.000158
vt 0.693496 0.334353
vt 0.693496 0.306504
vt 0.693496 0.278654
vt 0.693496 0.250805
vt 0.693496 0.222955
vt 0.693496 0.195105
vt 0.686533 0.167256
vt 0.686533 0.139406
vt 0.686533 0.111556
vt 0.686533 0.083707
vt 0.686533 0.055857
vt 0.686533 0.028007
vt 0.686533 0.000158
vt 0.686533 0.334353
vt 0.686533 0.306504
vt 0.686533 0.278654
vt 0.686533 0.250805
vt 0.686533 0.222955
vt 0.686533 0.195105
vt 0.679571 0.167256
vt 0.679571 0.139406
vt 0.679571 0.111556
vt 0.679571 0.083707
vt 0.679571 0.055857
vt 0.679571 0.028007
vt 0.679571 0.000158
vt 0.679571 0.334353
vt 0.679571 0.306504
vt 0.679571 0.278654
vt 0.679571 0.250805
vt 0.679571 0.222955
vt 0.679571 0.195105
vt 0.672609 0.167256
vt 0.672609 0.139406
vt 0.672609 0.111556
vt 0.672609 0.083707
vt 0.672609 0.055857
vt 0.672609 0.028007
vt 0.672609 0.000158
vt 0.672609 0.334353
vt 0.672609 0.306504
vt 0.672609 0.278654
vt 0.672609 0.250805
vt 0.672609 0.222955
vt 0.672609 0.195105
vt 0.665646 0.167256
vt 0.665646 0.139406
vt 0.665646 0.111556
vt 0.665646 0.083707
vt 0.665646 0.055857
vt 0.665646 0.028007
vt 0.665646 0.000158
vt 0.665646 0.334353
vt 0.665646 0.306504
vt 0.665646 0.278654
vt 0.665646 0.250805
vt 0.665646 0.222955
vt 0.665646 0.195105
vt 0.999842 0.167256
vt 0.992879 0.167256
vt 0.992879 0.139406
vt 0.999842 0.139406
vt 0.992879 0.111556
vt 0.999842 0.111556
vt 0.992879 0.083707
vt 0.999842 0.083707
vt 0.992879 0.055857
vt 0.999842 0.055857
vt 0.992879 0.028007
vt 0.999842 0.028007
vt 0.992879 0.000158
vt 0.999842 0.000158
vt 0.999842 0.334353
vt 0.992879 0.334353
vt 0.992879 0.306504
vt 0.999842 0.306504
vt 0.992879 0.278654
vt 0.999842 0.278654
vt 0.992879 0.250805
vt 0.999842 0.250805
vt 0.992879 0.222955
vt 0.999842 0.222955
vt 0.992879 0.195105
vt 0.999842 0.195105
vt 0.985917 0.167256
vt 0.985917 0.139406
vt 0.985917 0.111556
vt 0.985917 0.083707
vt 0.985917 0.055857
vt 0.985917 0.028007
vt 0.985917 0.000158
vt 0.985917 0.334353
vt 0.985917 0.306504
vt 0.985917 0.278654
vt 0.985917 0.250805
vt 0.985917 0.222955
vt 0.985917 0.195105
vt 0.978955 0.167256
vt 0.978955 0.139406
vt 0.978955 0.111556
vt 0.978955 0.083707
vt 0.978955 0.055857
vt 0.978955 0.028007
vt 0.978955 0.000158
vt 0.978955 0.334353
vt 0.978955 0.306504
vt 0.978955 0.278654
vt 0.978955 0.250805
vt 0.978955 0.222955
vt 0.978955 0.195105
vt 0.971992 0.167256
vt 0.971992 0.139406
vt 0.971992 0.111556
vt 0.971992 0.083707
vt 0.971992 0.055857
vt 0.971992 0.028007
vt 0.971992 0.000158
vt 0.971992 0.334353
vt 0.971992 0.306504
vt 0.971992 0.278654
vt 0.971992 0.250805
vt 0.971992 0.222955
vt 0.971992 0.195105
vt 0.965030 0.167256
vt 0.965030 0.139406
vt 0.965030 0.111556
vt 0.965030 0.083707
vt 0.965030 0.055857
vt 0.965030 0.028007
vt 0.965030 0.000158
vt 0.965030 0.334353
vt 0.965030 0.306504
vt 0.965030 0.278654
vt 0.965030 0.250805
vt 0.965030 0.222955
vt 0.965030 0.195105
vt 0.958067 0.167256
vt 0.958067 0.139406
vt 0.958067 0.111556
vt 0.958067 0.083707
vt 0.958067 0.055857
vt 0.958067 0.028007
vt 0.958067 0.000158
vt 0.958067 0.334353
vt 0.958067 0.306504
vt 0.958067 0.278654
vt 0.958067 0.250805
vt 0.958067 0.222955
vt 0.958067 0.195105
vt 0.951105 0.167256
vt 0.951105 0.139406
vt 0.951105 0.111556
vt 0.951105 0.083707
vt 0.951105 0.055857
vt 0.951105 0.028007
vt 0.951105 0.000158
vt 0.951105 0.334353
vt 0.951105 0.306504
vt 0.951105 0.278654
vt 0.951105 0.250805
vt 0.951105 0.222955
vt 0.951105 0.195105
vt 0.944143 0.167256
vt 0.944143 0.139406
vt 0.944143 0.111556
vt 0.944143 0.083707
vt 0.944143 0.055857
vt 0.944143 0.028007
vt 0.944143 0.000158
vt 0.944143 0.334353
vt 0.944143 0.306504
vt 0.944143 0.278654
vt 0.944143 0.250805
vt 0.944143 0.222955
vt 0.944143 0.195105
vt 0.937180 0.167256
vt 0.937180 0.139406
vt 0.937180 0.111556
vt 0.937180 0.083707
vt 0.937180 0.055857
vt 0.937180 0.028007
vt 0.937180 0.000158
vt 0.937180 0.334353
vt 0.937180 0.306504
vt 0.937180 0.278654
vt 0.937180 0.250805
vt 0.937180 0.222955
vt 0.937180 0.195105
vt 0.930218 0.167256
vt 0.930218 0.139406
vt 0.930218 0.111556
vt 0.930218 0.083707
vt 0.930218 0.055857
vt 0.930218 0.028007
vt 0.930218 0.000158
vt 0.930218 0.334353
vt 0.930218 0.306504
vt 0.930218 0.278654
vt 0.930218 0.250805
vt 0.930218 0.222955
vt 0.930218 0.195105
vt 0.923255 0.167256
vt 0.923255 0.139406
vt 0.923255 0.111556
vt 0.923255 0.083707
vt 0.923255 0.055857
vt 0.923255 0.028007
vt 0.923255 0.000158
vt 0.923255 0.334353
vt 0.923255 0.306504
vt 0.923255 0.278654
vt 0.923255 0.250805
vt 0.923255 0.222955
vt 0.923255 0.195105
vt 0.916293 0.167256
vt 0.916293 0.139406
vt 0.916293 0.111556
vt 0.916293 0.083707
vt 0.916293 0.055857
vt 0.916293 0.028007
vt 0.916293 0.000158
vt 0.916293 0.334353
vt 0.916293 0.306504
vt 0.916293 0.278654
vt 0.916293 0.250805
vt 0.916293 0.222955
vt 0.916293 0.195105
vt 0.909331 0.167256
vt 0.909331 0.139406
vt 0.909331 0.111556
vt 0.909331 0.083707
vt 0.909331 0.055857
vt 0.909331 0.028007
vt 0.909331 0.000158
vt 0.909331 0.334353
vt 0.909331 0.306504
vt 0.909331 0.278654
vt 0.909331 0.250805
vt 0.909331 0.222955
vt 0.909331 0.195105
vt 0.902368 0.167256
vt 0.902368 0.139406
vt 0.902368 0.111556
vt 0.902368 0.083707
vt 0.902368 0.055857
vt 0.902368 0.028007
vt 0.902368 0.000158
vt 0.902368 0.334353
vt 0.902368 0.306504
vt 0.902368 0.278654
vt 0.902368 0.250805
vt 0.902368 0.222955
vt 0.902368 0.195105
vt 0.895406 0.167256
vt 0.895406 0.139406
vt 0.895406 0.111556
vt 0.895406 0.083707
vt 0.895406 0.055857
vt 0.895406 0.028007
vt 0.895406 0.000158
vt 0.895406 0.334353
vt 0.895406 0.306504
vt 0.895406 0.278654
vt 0.895406 0.250805
vt 0.895406 0.222955
vt 0.895406 0.195105
vt 0.888443 0.167256
vt 0.888443 0.139406
vt 0.888443 0.111556
vt 0.888443 0.083707
vt 0.888443 0.055857
vt 0.888443 0.028007
vt 0.888443 0.000158
vt 0.888443 0.334353
vt 0.888443 0.306504
vt 0.888443 0.278654
vt 0.888443 0.250805
vt 0.888443 0.222955
vt 0.888443 0.195105
vt 0.881481 0.167256
vt 0.881481 0.139406
vt 0.881481 0.111556
vt 0.881481 0.083707
vt 0.881481 0.055857
vt 0.881481 0.028007
vt 0.881481 0.000158
vt 0.881481 0.334353
vt 0.881481 0.306504
vt 0.881481 0.278654
vt 0.881481 0.250805
vt 0.881481 0.222955
vt 0.881481 0.195105
vt 0.874519 0.167256
vt 0.874519 0.139406
vt 0.874519 0.111556
vt 0.874519 0.083707
vt 0.874519 0.055857
vt 0.874519 0.028007
vt 0.874519 0.000158
vt 0.874519 0.334353
vt 0.874519 0.306504
vt 0.874519 0.278654
vt 0.874519 0.250805
vt 0.874519 0.222955
vt 0.874519 0.195105
vt 0.867556 0.167256
vt 0.867556 0.139406
vt 0.867556 0.111556
vt 0.867556 0.083707
vt 0.867556 0.055857
vt 0.867556 0.028007
vt 0.867556 0.000158
vt 0.867556 0.334353
vt 0.867556 0.306504
vt 0.867556 0.278654
vt 0.867556 0.250805
vt 0.867556 0.222955
vt 0.867556 0.195105
vt 0.860594 0.167256
vt 0.860594 0.139406
vt 0.860594 0.111556
vt 0.860594 0.083707
vt 0.860594 0.055857
vt 0.860594 0.028007
vt 0.860594 0.000158
vt 0.860594 0.334353
vt 0.860594 0.306504
vt 0.860594 0.278654
vt 0.860594 0.250805
vt 0.860594 0.222955
vt 0.860594 0.195105
vt 0.853631 0.167256
vt 0.853631 0.139406
vt 0.853631 0.111556
vt 0.853631 0.083707
vt 0.853631 0.055857
vt 0.853631 0.028007
vt 0.853631 0.000158
vt 0.853631 0.334353
vt 0.853631 0.306504
vt 0.853631 0.278654
vt 0.853631 0.250805
vt 0.853631 0.222955
vt 0.853631 0.195105
vt 0.846669 0.167256
vt 0.846669 0.139406
vt 0.846669 0.111556
vt 0.846669 0.083707
vt 0.846669 0.055857
vt 0.846669 0.028007
vt 0.846669 0.000158
vt 0.846669 0.334353
vt 0.846669 0.306504
vt 0.846669 0.278654
vt 0.846669 0.250805
vt 0.846669 0.222955
vt 0.846669 0.195105
vt 0.839706 0.167256
vt 0.839706 0.139406
vt 0.839706 0.111556
vt 0.839706 0.083707
vt 0.839706 0.055857
vt 0.839706 0.028007
vt 0.839706 0.000158
vt 0.839706 0.334353
vt 0.839706 0.306504
vt 0.839706 0.278654
vt 0.839706 0.250805
vt 0.839706 0.222955
vt 0.839706 0.195105
s 1
usemtl Material.003
f 1/1/1 2/2/2 4/3/4 3/4/3 545/5/65 289/6/65 801/7/65 161/8/65 673/9/65 417/10/65 929/11/65 97/12/65 609/13/65 353/14/65 865/15/65 225/16/65 737/17/65 481/18/65 993/19/65 65/20/65 577/21/65 321/22/65 833/23/65 193/24/65 705/25/65 449/26/65 961/27/65 129/28/65 641/29/65 385/30/65 897/31/65 257/32/65 769/33/65 513/34/65 1025/35/65
f 3/4/3 4/3/4 6/36/6 5/37/5 546/38/66 290/39/66 802/40/66 162/41/66 674/42/66 418/43/66 930/44/66 98/45/66 610/46/66 354/47/66 866/48/66 226/49/66 738/50/66 482/51/66 994/52/66 66/53/66 578/54/66 322/55/66 834/56/66 194/57/66 706/58/66 450/59/66 962/60/66 130/61/66 642/62/66 386/63/66 898/64/66 258/65/66 770/66/66 514/67/66 1026/68/66
f 5/37/5 6/36/6 8/69/8 7/70/7 547/71/67 291/72/67 803/73/67 163/74/67 675/75/67 419/76/67 931/77/67 99/78/67 611/79/67 355/80/67 867/81/67 227/82/67 739/83/67 483/84/67 995/85/67 67/86/67 579/87/67 323/88/67 835/89/67 195/90/67 707/91/67 451/92/67 963/93/67 131/94/67 643/95/67 387/96/67 899/97/67 259/98/67 771/99/67 515/100/67 1027/101/67
f 7/70/7 8/69/8 10/102/10 9/103/9 548/104/68 292/105/68 804/106/68 164/107/68 676/108/68 420/109/68 932/110/68 100/111/68 612/112/68 356/113/68 868/114/68 228/115/68 740/116/68 484/117/68 996/118/68 68/119/68 580/120/68 324/121/68 836/122/68 196/123/68 708/124/68 452/125/68 964/126/68 132/127/68 644/128/68 388/129/68 900/130/68 260/131/68 772/132/68 516/133/68 1028/134/68
f 9/103/9 10/102/10 12/135/12 11/136/11 549/137/69 293/138/69 805/139/69 165/140/69 677/141/69 421/142/69 933/143/69 101/144/69 613/145/69 357/146/69 869/147/69 229/148/69 741/149/69 485/150/69 997/151/69 69/152/69 581/153/69 325/154/69 837/155/69 197/156/69 709/157/69 453/158/69 965/159/69 133/160/69 645/161/69 389/162/69 901/163/69 261/164/69 773/165/69 517/166/69 1029/167/69
f 11/136/11 12/135/12 14/168/14 13/169/13 550/170/70 294/171/70 806/172/70 166/173/70 678/174/70 422/175/70 934/176/70 102/177/70 614/178/70 358/179/70 870/180/70 230/181/70 742/182/70 486/183/70 998/184/70 70/185/70 582/186/70 326/187/70 838/188/70 198/189/70 710/190/70 454/191/70 966/192/70 134/193/70 646/194/70 390/195/70 902/196/70 262/197/70 774/198/70 518/199/70 1030/200/70
f 13/169/13 14/168/14 16/201/16 15/202/15 551/203/71 295/204/71 807/205/71 167/206/71 679/207/71 423/208/71 935/209/71 103/210/71 615/211/71 359/212/71 871/213/71 231/214/71 743/215/71 487/216/71 999/217/71 71/218/71 583/219/71 327/220/71 839/221/71 199/222/71 711/223/71 455/224/71 967/225/71 135/226/71 647/227/71 391/228/71 903/229/71 263/230/71 775/231/71 519/232/71 1031/233/71
f 15/202/15 16/201/16 18/234/18 17/235/17 552/236/72 296/237/72 808/238/72 168/239/72 680/240/72 424/241/72 936/242/72 104/243/72 616/244/72 360/245/72 872/246/72 232/247/72 744/248/72 488/249/72 1000/250/72 72/251/72 584/252/72 328/253/72 840/254/72 200/255/72 712/256/72 456/257/72 968/258/72 136/259/72 648/260/72 392/261/72 904/262/72 264/263/72 776/264/72 520/265/72 1032/266/72
f 17/235/17 18/234/18 20/267/20 19/268/19 553/269/73 297/270/73 809/271/73 169/272/73 681/273/73 425/274/73 937/275/73 105/276/73 617/277/73 361/278/73 873/279/73 233/280/73 745/281/73 489/282/73 1001/283/73 73/284/73 585/285/73 329/286/73 841/287/73 201/288/73 713/289/73 457/290/73 969/291/73 137/292/73 649/293/73 393/294/73 905/295/73 265/296/73 777/297/73 521/298/73 1033/299/73
f 19/268/19 20/267/20 22/300/22 21/301/21 554/302/74 298/303/74 810/304/74 170/305/74 682/306/74 426/307/74 938/308/74 106/309/74 618/310/74 362/311/74 874/312/74 234/313/74 746/314/74 490/315/74 1002/316/74 74/317/74 586/318/74 330/319/74 842/320/74 202/321/74 714/322/74 458/323/74 970/324/74 138/325/74 650/326/74 394/327/74 906/328/74 266/329/74 778/330/74 522/331/74 1034/332/74
f 21/301/21 22/300/22 24/333/24 23/334/23 555/335/75 299/336/75 811/337/75 171/338/75 683/339/75 427/340/75 939/341/75 107/342/75 619/343/75 363/344/75 875/345/75 235/346/75 747/347/75 491/348/75 1003/349/75 75/350/75 587/351/75 331/352/75 843/353/75 203/354/75 715/355/75 459/356/75 971/357/75 139/358/75 651/359/75 395/360/75 907/361/75 267/362/75 779/363/75 523/364/75 1035/365/75
f 23/334/23 24/333/24 26/366/26 25/367/25 556/368/76 300/369/76 812/370/76 172/371/76 684/372/76 428/373/76 940/374/76 108/375/76 620/376/76 364/377/76 876/378/76 236/379/76 748/380/76 492/381/76 1004/382/76 76/383/76 588/384/76 332/385/76 844/386/76 204/387/76 716/388/76 460/389/76 972/390/76 140/391/76 652/392/76 396/393/76 908/394/76 268/395/76 780/396/76 524/397/76 1036/398/76
f 25/367/25 26/366/26 28/399/28 27/400/27 557/401/77 301/402/77 813/403/77 173/404/77 685/405/77 429/406/77 941/407/77 109/408/77 621/409/77 365/410/77 877/411/77 237/412/77 749/413/77 493/414/77 1005/415/77 77/416/77 589/417/77 333/418/77 845/419/77 205/420/77 717/421/77 461/422/77 973/423/77 141/424/77 653/425/77 397/426/77 909/427/77 269/428/77 781/429/77 525/430/77 1037/431/77
f 27/400/27 28/399/28 30/432/30 29/433/29 558/434/78 302/435/78 814/436/78 174/437/78 686/438/78 430/439/78 942/440/78 110/441/78 622/442/78 366/443/78 878/444/78 238/445/78 750/446/78 494/447/78 1006/448/78 78/449/78 590/450/78 334/451/78 846/452/78 206/453/78 718/454/78 462/455/78 974/456/78 142/457/78 654/458/78 398/459/78 910/460/78 270/461/78 782/462/78 526/463/78 1038/464/78
f 29/433/29 30/432/30 32/465/32 31/466/31 559/467/79 303/468/79 815/469/79 175/470/79 687/471/79 431/472/79 943/473/79 111/474/79 623/475/79 367/476/79 879/477/79 239/478/79 751/479/79 495/480/79 1007/481/79 79/482/79 591/483/79 335/484/79 847/485/79 207/486/79 719/487/79 463/488/79 975/489/79 143/490/79 655/491/79 399/492/79 911/493/79 271/494/79 783/495/79 527/496/79 1039/497/79
f 31/466/31 32/465/32 34/498/34 33/499/33 560/500/80 304/501/80 816/502/80 176/503/80 688/504/80 432/505/80 944/506/80 112/507/80 624/508/80 368/509/80 880/510/80 240/511/80 752/512/80 496/513/80 1008/514/80 80/515/80 592/516/80 336/517/80 848/518/80 208/519/80 720/520/80 464/521/80 976/522/80 144/523/80 656/524/80 400/525/80 912/526/80 272/527/80 784/528/80 528/529/80 1040/530/80
f 33/499/33 34/498/34 36/531/36 35/532/35 561/533/81 305/534/81 817/535/81 177/536/81 689/537/81 433/538/81 945/539/81 113/540/81 625/541/81 369/542/81 881/543/81 241/544/81 753/545/81 497/546/81 1009/547/81 81/548/81 593/549/81 337/550/81 849/551/81 209/552/81 721/553/81 465/554/81 977/555/81 145/556/81 657/557/81 401/558/81 913/559/81 273/560/81 785/561/81 529/562/81 1041/563/81
f 35/532/35 36/531/36 38/564/38 37/565/37 562/566/82 306/567/82 818/568/82 178/569/82 690/570/82 434/571/82 946/572/82 114/573/82 626/574/82 370/575/82 882/576/82 242/577/82 754/578/82 498/579/82 1010/580/82 82/581/82 594/582/82 338/583/82 850/584/82 210/585/82 722/586/82 466/587/82 978/588/82 146/589/82 658/590/82 402/591/82 914/592/82 274/593/82 786/594/82 530/595/82 1042/596/82
f 37/565/37 38/564/38 40/597/40 39/598/39 563/599/83 307/600/83 819/601/83 179/602/83 691/603/83 435/604/83 947/605/83 115/606/83 627/607/83 371/608/83 883/609/83 243/610/83 755/611/83 499/612/83 1011/613/83 83/614/83 595/615/83 339/616/83 851/617/83 211/618/83 723/619/83 467/620/83 979/621/83 147/622/83 659/623/83 403/624/83 915/625/83 275/626/83 787/627/83 531/628/83 1043/629/83
f 39/598/39 40/597/40 42/630/42 41/631/41 564/632/84 308/633/84 820/634/84 180/635/84 692/636/84 436/637/84 948/638/84 116/639/84 628/640/84 372/641/84 884/642/84 244/643/84 756/644/84 500/645/84 1012/646/84 84/647/84 596/648/84 340/649/84 852/650/84 212/651/84 724/652/84 468/653/84 980/654/84 148/655/84 660/656/84 404/657/84 916/658/84 276/659/84 788/660/84 532/661/84 1044/662/84
f 41/631/41 42/630/42 44/663/44 43/664/43 565/665/85 309/666/85 821/667/85 181/668/85 693/669/85 437/670/85 949/671/85 117/672/85 629/673/85 373/674/85 885/675/85 245/676/85 757/677/85 501/678/85 1013/679/85 85/680/85 597/681/85 341/682/85 853/683/85 213/684/85 725/685/85 469/686/85 981/687/85 149/688/85 661/689/85 405/690/85 917/691/85 277/692/85 789/693/85 533/694/85 1045/695/85
f 43/664/43 44/663/44 46/696/46 45/697/45 566/698/86 310/699/86 822/700/86 182/701/86 694/702/86 438/703/86 950/704/86 118/705/86 630/706/86 374/707/86 886/708/86 246/709/86 758/710/86 502/711/86 1014/712/86 86/713/86 598/714/86 342/715/86 854/716/86 214/717/86 726/718/86 470/719/86 982/720/86 150/721/86 662/722/86 406/723/86 918/724/86 278/725/86 790/726/86 534/727/86 1046/728/86
f 45/697/45 46/696/46 48/729/48 47/730/47 567/731/87 311/732/87 823/733/87 183/734/87 695/735/87 439/736/87 951/737/87 119/738/87 631/739/87 375/740/87 887/741/87 247/742/87 759/743/87 503/744/87 1015/745/87 87/746/87 599/747/87 343/748/87 855/749/87 215/750/87 727/751/87 471/752/87 983/753/87 151/754/87 663/755/87 407/756/87 919/757/87 279/758/87 791/759/87 535/760/87 1047/761/87
f 47/730/47 48/729/48 50/762/50 49/763/49 568/764/88 312/765/88 824/766/88 184/767/88 696/768/88 440/769/88 952/770/88 120/771/88 632/772/88 376/773/88 888/774/88 248/775/88 760/776/88 504/777/88 1016/778/88 88/779/88 600/780/88 344/781/88 856/782/88 216/783/88 728/784/88 472/785/88 984/786/88 152/787/88 664/788/88 408/789/88 920/790/88 280/791/88 792/792/88 536/793/88 1048/794/88
f 49/763/49 50/762/50 52/795/52 51/796/51 569/797/89 313/798/89 825/799/89 185/800/89 697/801/89 441/802/89 953/803/89 121/804/89 633/805/89 377/806/89 889/807/89 249/808/89 761/809/89 505/810/89 1017/811/89 89/812/89 601/813/89 345/814/89 857/815/89 217/816/89 729/817/89 473/818/89 985/819/89 153/820/89 665/821/89 409/822/89 921/823/89 281/824/89 793/825/89 537/826/89 1049/827/89
f 51/796/51 52/795/52 54/828/54 53/829/53 570/830/90 314/831/90 826/832/90 186/833/90 698/834/90 442/835/90 954/836/90 122/837/90 634/838/90 378/839/90 890/840/90 250/841/90 762/842/90 506/843/90 1018/844/90 90/845/90 602/846/90 346/847/90 858/848/90 218/849/90 730/850/90 474/851/90 986/852/90 154/853/90 666/854/90 410/855/90 922/856/90 282/857/90 794/858/90 538/859/90 1050/860/90
f 53/829/53 54/828/54 56/861/56 55/862/55 571/863/91 315/864/91 827/865/91 187/866/91 699/867/91 443/868/91 955/869/91 123/870/91 635/871/91 379/872/91 891/873/91 251/874/91 763/875/91 507/876/91 1019/877/91 91/878/91 603/879/91 347/880/91 859/881/91 219/882/91 731/883/91 475/884/91 987/885/91 155/886/91 667/887/91 411/888/91 923/889/91 283/890/91 795/891/91 539/892/91 1051/893/91
f 55/862/55 56/861/56 58/894/58 57/895/57 572/896/92 316/897/92 828/898/92 188/899/92 700/900/92 444/901/92 956/902/92 124/903/92 636/904/92 380/905/92 892/906/92 252/907/92 764/908/92 508/909/92 1020/910/92 92/911/92 604/912/92 348/913/92 860/914/92 220/915/92 732/916/92 476/917/92 988/918/92 156/919/92 668/920/92 412/921/92 924/922/92 284/923/92 796/924/92 540/925/92 1052/926/92
f 57/895/57 58/894/58 60/927/60 59/928/59 573/929/93 317/930/93 829/931/93 189/932/93 701/933/93 445/934/93 957/935/93 125/936/93 637/937/93 381/938/93 893/939/93 253/940/93 765/941/93 509/942/93 1021/943/93 93/944/93 605/945/93 349/946/93 861/947/93 221/948/93 733/949/93 477/950/93 989/951/93 157/952/93 669/953/93 413/954/93 925/955/93 285/956/93 797/957/93 541/958/93 1053/959/93
f 59/928/59 60/927/60 62/960/62 61/961/61 574/962/94 318/963/94 830/964/94 190/965/94 702/966/94 446/967/94 958/968/94 126/969/94 638/970/94 382/971/94 894/972/94 254/973/94 766/974/94 510/975/94 1022/976/94 94/977/94 606/978/94 350/979/94 862/980/94 222/981/94 734/982/94 478/983/94 990/984/94 158/985/94 670/986/94 414/987/94 926/988/94 286/989/94 798/990/94 542/991/94 1054/992/94
f 4/993/4 2/994/2 64/995/64 62/996/62 60/997/60 58/998/58 56/999/56 54/1000/54 52/1001/52 50/1002/50 48/1003/48 46/1004/46 44/1005/44 42/1006/42 40/1007/40 38/1008/38 36/1009/36 34/1010/34 32/1011/32 30/1012/30 28/1013/28 26/1014/26 24/1015/24 22/1016/22 20/1017/20 18/1018/18 16/1019/16 14/1020/14 12/1021/12 10/1022/10 8/1023/8 6/1024/6
f 61/961/61 62/960/62 64/1025/64 63/1026/63 575/1027/95 319/1028/95 831/1029/95 191/1030/95 703/1031/95 447/1032/95 959/1033/95 127/1034/95 639/1035/95 383/1036/95 895/1037/95 255/1038/95 767/1039/95 511/1040/95 1023/1041/95 95/1042/95 607/1043/95 351/1044/95 863/1045/95 223/1046/95 735/1047/95 479/1048/95 991/1049/95 159/1050/95 671/1051/95 415/1052/95 927/1053/95 287/1054/95 799/1055/95 543/1056/95 1055/1057/95
f 63/1026/63 64/1025/64 2/1058/2 1/1059/1 576/1060/96 320/1061/96 832/1062/96 192/1063/96 704/1064/96 448/1065/96 960/1066/96 128/1067/96 640/1068/96 384/1069/96 896/1070/96 256/1071/96 768/1072/96 512/1073/96 1024/1074/96 96/1075/96 608/1076/96 352/1077/96 864/1078/96 224/1079/96 736/1080/96 480/1081/96 992/1082/96 160/1083/96 672/1084/96 416/1085/96 928/1086/96 288/1087/96 800/1088/96 544/1089/96 1056/1090/96
f 1/1091/1 1025/1092/65 513/1093/65 769/1094/65 257/1095/65 897/1096/65 385/1097/65 641/1098/65 129/1099/65 961/1100/65 449/1101/65 705/1102/65 193/1103/65 833/1104/65 321/1105/65 577/1106/65 65/1107/65 993/1108/65 481/1109/65 737/1110/65 225/1111/65 865/1112/65 353/1113/65 609/1114/65 97/1115/65 929/1116/65 417/1117/65 673/1118/65 161/1119/65 801/1120/65 289/1121/65 545/1122/65 3/1123/3 1026/1124/66 514/1125/66 770/1126/66 258/1127/66 898/1128/66 386/1129/66 642/1130/66 130/1131/66 962/1132/66 450/1133/66 706/1134/66 194/1135/66 834/1136/66 322/1137/66 578/1138/66 66/1139/66 994/1140/66 482/1141/66 738/1142/66 226/1143/66 866/1144/66 354/1145/66 610/1146/66 98/1147/66 930/1148/66 418/1149/66 674/1150/66 162/1151/66 802/1152/66 290/1153/66 546/1154/66 5/1155/5 1027/1156/67 515/1157/67 771/1158/67 259/1159/67 899/1160/67 387/1161/67 643/1162/67 131/1163/67 963/1164/67 451/1165/67 707/1166/67 195/1167/67 835/1168/67 323/1169/67 579/1170/67 67/1171/67 995/1172/67 483/1173/67 739/1174/67 227/1175/67 867/1176/67 355/1177/67 611/1178/67 99/1179/67 931/1180/67 419/1181/67 675/1182/67 163/1183/67 803/1184/67 291/1185/67 547/1186/67 7/1187/7 1028/1188/68 516/1189/68 772/1190/68 260/1191/68 900/1192/68 388/1193/68 644/1194/68 132/1195/68 964/1196/68 452/1197/68 708/1198/68 196/1199/68 836/1200/68 324/1201/68 580/1202/68 68/1203/68 996/1204/68 484/1205/68 740/1206/68 228/1207/68 868/1208/68 356/1209/68 612/1210/68 100/1211/68 932/1212/68 420/1213/68 676/1214/68 164/1215/68 804/1216/68 292/1217/68 548/1218/68 9/1219/9 1029/1220/69 517/1221/69 773/1222/69 261/1223/69 901/1224/69 389/1225/69 645/1226/69 133/1227/69 965/1228/69 453/1229/69 709/1230/69 197/1231/69 837/1232/69 325/1233/69 581/1234/69 69/1235/69 997/1236/69 485/1237/69 741/1238/69 229/1239/69 869/1240/69 357/1241/69 613/1242/69 101/1243/69 933/1244/69 421/1245/69 677/1246/69 165/1247/69 805/1248/69 293/1249/69 549/1250/69 11/1251/11 1030/1252/70 518/1253/70 774/1254/70 262/1255/70 902/1256/70 390/1257/70 646/1258/70 134/1259/70 966/1260/70 454/1261/70 710/1262/70 198/1263/70 838/1264/70 326/1265/70 582/1266/70 70/1267/70 998/1268/70 486/1269/70 742/1270/70 230/1271/70 870/1272/70 358/1273/70 614/1274/70 102/1275/70 934/1276/70 422/1277/70 678/1278/70 166/1279/70 806/1280/70 294/1281/70 550/1282/70 13/1283/13 1031/1284/71 519/1285/71 775/1286/71 263/1287/71 903/1288/71 391/1289/71 647/1290/71 135/1291/71 967/1292/71 455/1293/71 711/1294/71 199/1295/71 839/1296/71 327/1297/71 583/1298/71 71/1299/71 999/1300/71 487/1301/71 743/1302/71 231/1303/71 871/1304/71 359/1305/71 615/1306/71 103/1307/71 935/1308/71 423/1309/71 679/1310/71 167/1311/71 807/1312/71 295/1313/71 551/1314/71 15/1315/15 1032/1316/72 520/1317/72 776/1318/72 264/1319/72 904/1320/72 392/1321/72 648/1322/72 136/1323/72 968/1324/72 456/1325/72 712/1326/72 200/1327/72 840/1328/72 328/1329/72 584/1330/72 72/1331/72 1000/1332/72 488/1333/72 744/1334/72 232/1335/72 872/1336/72 360/1337/72 616/1338/72 104/1339/72 936/1340/72 424/1341/72 680/1342/72 168/1343/72 808/1344/72 296/1345/72 552/1346/72 17/1347/17 1033/1348/73 521/1349/73 777/1350/73 265/1351/73 905/1352/73 393/1353/73 649/1354/73 137/1355/73 969/1356/73 457/1357/73 713/1358/73 201/1359/73 841/1360/73 329/1361/73 585/1362/73 73/1363/73 1001/1364/73 489/1365/73 745/1366/73 233/1367/73 873/1368/73 361/1369/73 617/1370/73 105/1371/73 937/1372/73 425/1373/73 681/1374/73 169/1375/73 809/1376/73 297/1377/73 553/1378/73 19/1379/19 1034/1380/74 522/1381/74 778/1382/74 266/1383/74 906/1384/74 394/1385/74 650/1386/74 138/1387/74 970/1388/74 458/1389/74 714/1390/74 202/1391/74 842/1392/74 330/1393/74 586/1394/74 74/1395/74 1002/1396/74 490/1397/74 746/1398/74 234/1399/74 874/1400/74 362/1401/74 618/1402/74 106/1403/74 938/1404/74 426/1405/74 682/1406/74 170/1407/74 810/1408/74 298/1409/74 554/1410/74 21/1411/21 1035/1412/75 523/1413/75 779/1414/75 267/1415/75 907/1416/75 395/1417/75 651/1418/75 139/1419/75 971/1420/75 459/1421/75 715/1422/75 203/1423/75 843/1424/75 331/1425/75 587/1426/75 75/1427/75 1003/1428/75 491/1429/75 747/1430/75 235/1431/75 875/1432/75 363/1433/75 619/1434/75 107/1435/75 939/1436/75 427/1437/75 683/1438/75 171/1439/75 811/1440/75 299/1441/75 555/1442/75 23/1443/23 1036/1444/76 524/1445/76 780/1446/76 268/1447/76 908/1448/76 396/1449/76 652/1450/76 140/1451/76 972/1452/76 460/1453/76 716/1454/76 204/1455/76 844/1456/76 332/1457/76 588/1458/76 76/1459/76 1004/1460/76 492/1461/76 748/1462/76 236/1463/76 876/1464/76 364/1465/76 620/1466/76 108/1467/76 940/1468/76 428/1469/76 684/1470/76 172/1471/76 812/1472/76 300/1473/76 556/1474/76 25/1475/25 1037/1476/77 525/1477/77 781/1478/77 269/1479/77 909/1480/77 397/1481/77 653/1482/77 141/1483/77 973/1484/77 461/1485/77 717/1486/77 205/1487/77 845/1488/77 333/1489/77 589/1490/77 77/1491/77 1005/1492/77 493/1493/77 749/1494/77 237/1495/77 877/1496/77 365/1497/77 621/1498/77 109/1499/77 941/1500/77 429/1501/77 685/1502/77 173/1503/77 813/1504/77 301/1505/77 557/1506/77 27/1507/27 1038/1508/78 526/1509/78 782/1510/78 270/1511/78 910/1512/78 398/1513/78 654/1514/78 142/1515/78 974/1516/78 462/1517/78 718/1518/78 206/1519/78 846/1520/78 334/1521/78 590/1522/78 78/1523/78 1006/1524/78 494/1525/78 750/1526/78 238/1527/78 878/1528/78 366/1529/78 622/1530/78 110/1531/78 942/1532/78 430/1533/78 686/1534/78 174/1535/78 814/1536/78 302/1537/78 558/1538/78 29/1539/29 1039/1540/79 527/1541/79 783/1542/79 271/1543/79 911/1544/79 399/1545/79 655/1546/79 143/1547/79 975/1548/79 463/1549/79 719/1550/79 207/1551/79 847/1552/79 335/1553/79 591/1554/79 79/1555/79 1007/1556/79 495/1557/79 751/1558/79 239/1559/79 879/1560/79 367/1561/79 623/1562/79 111/1563/79 943/1564/79 431/1565/79 687/1566/79 175/1567/79 815/1568/79 303/1569/79 559/1570/79 31/1571/31 1040/1572/80 528/1573/80 784/1574/80 272/1575/80 912/1576/80 400/1577/80 656/1578/80 144/1579/80 976/1580/80 464/1581/80 720/1582/80 208/1583/80 848/1584/80 336/1585/80 592/1586/80 80/1587/80 1008/1588/80 496/1589/80 752/1590/80 240/1591/80 880/1592/80 368/1593/80 624/1594/80 112/1595/80 944/1596/80 432/1597/80 688/1598/80 176/1599/80 816/1600/80 304/1601/80 560/1602/80 33/1603/33 1041/1604/81 529/1605/81 785/1606/81 273/1607/81 913/1608/81 401/1609/81 657/1610/81 145/1611/81 977/1612/81 465/1613/81 721/1614/81 209/1615/81 849/1616/81 337/1617/81 593/1618/81 81/1619/81 1009/1620/81 497/1621/81 753/1622/81 241/1623/81 881/1624/81 369/1625/81 625/1626/81 113/1627/81 945/1628/81 433/1629/81 689/1630/81 177/1631/81 817/1632/81 305/1633/81 561/1634/81 35/1635/35 1042/1636/82 530/1637/82 786/1638/82 274/1639/82 914/1640/82 402/1641/82 658/1642/82 146/1643/82 978/1644/82 466/1645/82 722/1646/82 210/1647/82 850/1648/82 338/1649/82 594/1650/82 82/1651/82 1010/1652/82 498/1653/82 754/1654/82 242/1655/82 882/1656/82 370/1657/82 626/1658/82 114/1659/82 946/1660/82 434/1661/82 690/1662/82 178/1663/82 818/1664/82 306/1665/82 562/1666/82 37/1667/37 1043/1668/83 531/1669/83 787/1670/83 275/1671/83 915/1672/83 403/1673/83 659/1674/83 147/1675/83 979/1676/83 467/1677/83 723/1678/83 211/1679/83 851/1680/83 339/1681/83 595/1682/83 83/1683/83 1011/1684/83 499/1685/83 755/1686/83 243/1687/83 883/1688/83 371/1689/83 627/1690/83 115/1691/83 947/1692/83 435/1693/83 691/1694/83 179/1695/83 819/1696/83 307/1697/83 563/1698/83 39/1699/39 1044/1700/84 532/1701/84 788/1702/84 276/1703/84 916/1704/84 404/1705/84 660/1706/84 148/1707/84 980/1708/84 468/1709/84 724/1710/84 212/1711/84 852/1712/84 340/1713/84 596/1714/84 84/1715/84 1012/1716/84 500/1717/84 756/1718/84 244/1719/84 884/1720/84 372/1721/84 628/1722/84 116/1723/84 948/1724/84 436/1725/84 692/1726/84 180/1727/84 820/1728/84 308/1729/84 564/1730/84 41/1731/41 1045/1732/85 533/1733/85 789/1734/85 277/1735/85 917/1736/85 405/1737/85 661/1738/85 149/1739/85 981/1740/85 469/1741/85 725/1742/85 213/1743/85 853/1744/85 341/1745/85 597/1746/85 85/1747/85 1013/1748/85 501/1749/85 757/1750/85 245/1751/85 885/1752/85 373/1753/85 629/1754/85 117/1755/85 949/1756/85 437/1757/85 693/1758/85 181/1759/85 821/1760/85 309/1761/85 565/1762/85 43/1763/43 1046/1764/86 534/1765/86 790/1766/86 278/1767/86 918/1768/86 406/1769/86 662/1770/86 150/1771/86 982/1772/86 470/1773/86 726/1774/86 214/1775/86 854/1776/86 342/1777/86 598/1778/86 86/1779/86 1014/1780/86 502/1781/86 758/1782/86 246/1783/86 886/1784/86 374/1785/86 630/1786/86 118/1787/86 950/1788/86 438/1789/86 694/1790/86 182/1791/86 822/1792/86 310/1793/86 566/1794/86 45/1795/45 1047/1796/87 535/1797/87 791/1798/87 279/1799/87 919/1800/87 407/1801/87 663/1802/87 151/1803/87 983/1804/87 471/1805/87 727/1806/87 215/1807/87 855/1808/87 343/1809/87 599/1810/87 87/1811/87 1015/1812/87 503/1813/87 759/1814/87 247/1815/87 887/1816/87 375/1817/87 631/1818/87 119/1819/87 951/1820/87 439/1821/87 695/1822/87 183/1823/87 823/1824/87 311/1825/87 567/1826/87 47/1827/47 1048/1828/88 536/1829/88 792/1830/88 280/1831/88 920/1832/88 408/1833/88 664/1834/88 152/1835/88 984/1836/88 472/1837/88 728/1838/88 216/1839/88 856/1840/88 344/1841/88 600/1842/88 88/1843/88 1016/1844/88 504/1845/88 760/1846/88 248/1847/88 888/1848/88 376/1849/88 632/1850/88 120/1851/88 952/1852/88 440/1853/88 696/1854/88 184/1855/88 824/1856/88 312/1857/88 568/1858/88 49/1859/49 1049/1860/89 537/1861/89 793/1862/89 281/1863/89 921/1864/89 409/1865/89 665/1866/89 153/1867/89 985/1868/89 473/1869/89 729/1870/89 217/1871/89 857/1872/89 345/1873/89 601/1874/89 89/1875/89 1017/1876/89 505/1877/89 761/1878/89 249/1879/89 889/1880/89 377/1881/89 633/1882/89 121/1883/89 953/1884/89 441/1885/89 697/1886/89 185/1887/89 825/1888/89 313/1889/89 569/1890/89 51/1891/51 1050/1892/90 538/1893/90 794/1894/90 282/1895/90 922/1896/90 410/1897/90 666/1898/90 154/1899/90 986/1900/90 474/1901/90 730/1902/90 218/1903/90 858/1904/90 346/1905/90 602/1906/90 90/1907/90 1018/1908/90 506/1909/90 762/1910/90 250/1911/90 890/1912/90 378/1913/90 634/1914/90 122/1915/90 954/1916/90 442/1917/90 698/1918/90 186/1919/90 826/1920/90 314/1921/90 570/1922/90 53/1923/53 1051/1924/91 539/1925/91 795/1926/91 283/1927/91 923/1928/91 411/1929/91 667/1930/91 155/1931/91 987/1932/91 475/1933/91 731/1934/91 219/1935/91 859/1936/91 347/1937/91 603/1938/91 91/1939/91 1019/1940/91 507/1941/91 763/1942/91 251/1943/91 891/1944/91 379/1945/91 635/1946/91 123/1947/91 955/1948/91 443/1949/91 699/1950/91 187/1951/91 827/1952/91 315/1953/91 571/1954/91 55/1955/55 1052/1956/92 540/1957/92 796/1958/92 284/1959/92 924/1960/92 412/1961/92 668/1962/92 156/1963/92 988/1964/92 476/1965/92 732/1966/92 220/1967/92 860/1968/92 348/1969/92 604/1970/92 92/1971/92 1020/1972/92 508/1973/92 764/1974/92 252/1975/92 892/1976/92 380/1977/92 636/1978/92 124/1979/92 956/1980/92 444/1981/92 700/1982/92 188/1983/92 828/1984/92 316/1985/92 572/1986/92 57/1987/57 1053/1988/93 541/1989/93 797/1990/93 285/1991/93 925/1992/93 413/1993/93 669/1994/93 157/1995/93 989/1996/93 477/1997/93 733/1998/93 221/1999/93 861/2000/93 349/2001/93 605/2002/93 93/2003/93 1021/2004/93 509/2005/93 765/2006/93 253/2007/93 893/2008/93 381/2009/93 637/2010/93 125/2011/93 957/2012/93 445/2013/93 701/2014/93 189/2015/93 829/2016/93 317/2017/93 573/2018/93 59/2019/59 1054/2020/94 542/2021/94 798/2022/94 286/2023/94 926/2024/94 414/2025/94 670/2026/94 158/2027/94 990/2028/94 478/2029/94 734/2030/94 222/2031/94 862/2032/94 350/2033/94 606/2034/94 94/2035/94 1022/2036/94 510/2037/94 766/2038/94 254/2039/94 894/2040/94 382/2041/94 638/2042/94 126/2043/94 958/2044/94 446/2045/94 702/2046/94 190/2047/94 830/2048/94 318/2049/94 574/2050/94 61/2051/61 1055/2052/95 543/2053/95 799/2054/95 287/2055/95 927/2056/95 415/2057/95 671/2058/95 159/2059/95 991/2060/95 479/2061/95 735/2062/95 223/2063/95 863/2064/95 351/2065/95 607/2066/95 95/2067/95 1023/2068/95 511/2069/95 767/2070/95 255/2071/95 895/2072/95 383/2073/95 639/2074/95 127/2075/95 959/2076/95 447/2077/95 703/2078/95 191/2079/95 831/2080/95 319/2081/95 575/2082/95 63/2083/63 1056/2084/96 544/2085/96 800/2086/96 288/2087/96 928/2088/96 416/2089/96 672/2090/96 160/2091/96 992/2092/96 480/2093/96 736/2094/96 224/2095/96 864/2096/96 352/2097/96 608/2098/96 96/2099/96 1024/2100/96 512/2101/96 768/2102/96 256/2103/96 896/2104/96 384/2105/96 640/2106/96 128/2107/96 960/2108/96 448/2109/96 704/2110/96 192/2111/96 832/2112/96 320/2113/96 576/2114/96
f 1057/2115/97 1058/2116/98 1060/2117/100 1059/2118/99
f 1059/2118/99 1060/2117/100 1064/2119/104 1063/2120/103
f 1063/2120/103 1064/2119/104 1062/2121/102 1061/2122/101
f 1061/2122/101 1062/2121/102 1058/2123/98 1057/2124/97
f 1059/2125/99 1063/2120/103 1061/2122/101 1057/2126/97
f 1064/2119/104 1060/2127/100 1058/2128/98 1062/2121/102
f 1065/2129/97 1066/2130/98 1068/2131/100 1067/2132/99
f 1067/2132/99 1068/2131/100 1072/2133/104 1071/2134/103
f 1071/2134/103 1072/2133/104 1070/2135/102 1069/2136/101
f 1069/2136/101 1070/2135/102 1066/2137/98 1065/2138/97
f 1067/2139/99 1071/2134/103 1069/2136/101 1065/2140/97
f 1072/2133/104 1068/2141/100 1066/2142/98 1070/2135/102
f 1073/2143/105 1085/2144/117 1086/2145/118 1074/2146/106
f 1074/2146/106 1086/2145/118 1087/2147/119 1075/2148/107
f 1075/2148/107 1087/2147/119 1088/2149/120 1076/2150/108
f 1076/2150/108 1088/2149/120 1089/2151/121 1077/2152/109
f 1077/2152/109 1089/2151/121 1090/2153/122 1078/2154/110
f 1078/2154/110 1090/2153/122 1091/2155/123 1079/2156/111
f 1079/2157/111 1091/2158/123 1092/2159/124 1080/2160/112
f 1080/2160/112 1092/2159/124 1093/2161/125 1081/2162/113
f 1081/2162/113 1093/2161/125 1094/2163/126 1082/2164/114
f 1082/2164/114 1094/2163/126 1095/2165/127 1083/2166/115
f 1083/2166/115 1095/2165/127 1096/2167/128 1084/2168/116
f 1084/2168/116 1096/2167/128 1085/2144/117 1073/2143/105
f 1085/2144/117 1097/2169/129 1098/2170/130 1086/2145/118
f 1086/2145/118 1098/2170/130 1099/2171/131 1087/2147/119
f 1087/2147/119 1099/2171/131 1100/2172/132 1088/2149/120
f 1088/2149/120 1100/2172/132 1101/2173/133 1089/2151/121
f 1089/2151/121 1101/2173/133 1102/2174/134 1090/2153/122
f 1090/2153/122 1102/2174/134 1103/2175/135 1091/2155/123
f 1091/2158/123 1103/2176/135 1104/2177/136 1092/2159/124
f 1092/2159/124 1104/2177/136 1105/2178/137 1093/2161/125
f 1093/2161/125 1105/2178/137 1106/2179/138 1094/2163/126
f 1094/2163/126 1106/2179/138 1107/2180/139 1095/2165/127
f 1095/2165/127 1107/2180/139 1108/2181/140 1096/2167/128
f 1096/2167/128 1108/2181/140 1097/2169/129 1085/2144/117
f 1097/2169/129 1109/2182/141 1110/2183/142 1098/2170/130
f 1098/2170/130 1110/2183/142 1111/2184/143 1099/2171/131
f 1099/2171/131 1111/2184/143 1112/2185/144 1100/2172/132
f 1100/2172/132 1112/2185/144 1113/2186/145 1101/2173/133
f 1101/2173/133 1113/2186/145 1114/2187/146 1102/2174/134
f 1102/2174/134 1114/2187/146 1115/2188/147 1103/2175/135
f 1103/2176/135 1115/2189/147 1116/2190/148 1104/2177/136
f 1104/2177/136 1116/2190/148 1117/2191/149 1105/2178/137
f 1105/2178/137 1117/2191/149 1118/2192/150 1106/2179/138
f 1106/2179/138 1118/2192/150 1119/2193/151 1107/2180/139
f 1107/2180/139 1119/2193/151 1120/2194/152 1108/2181/140
f 1108/2181/140 1120/2194/152 1109/2182/141 1097/2169/129
f 1109/2182/141 1121/2195/153 1122/2196/154 1110/2183/142
f 1110/2183/142 1122/2196/154 1123/2197/155 1111/2184/143
f 1111/2184/143 1123/2197/155 1124/2198/156 1112/2185/144
f 1112/2185/144 1124/2198/156 1125/2199/157 1113/2186/145
f 1113/2186/145 1125/2199/157 1126/2200/158 1114/2187/146
f 1114/2187/146 1126/2200/158 1127/2201/159 1115/2188/147
f 1115/2189/147 1127/2202/159 1128/2203/160 1116/2190/148
f 1116/2190/148 1128/2203/160 1129/2204/161 1117/2191/149
f 1117/2191/149 1129/2204/161 1130/2205/162 1118/2192/150
f 1118/2192/150 1130/2205/162 1131/2206/163 1119/2193/151
f 1119/2193/151 1131/2206/163 1132/2207/164 1120/2194/152
f 1120/2194/152 1132/2207/164 1121/2195/153 1109/2182/141
f 1121/2195/153 1133/2208/165 1134/2209/166 1122/2196/154
f 1122/2196/154 1134/2209/166 1135/2210/167 1123/2197/155
f 1123/2197/155 1135/2210/167 1136/2211/168 1124/2198/156
f 1124/2198/156 1136/2211/168 1137/2212/169 1125/2199/157
f 1125/2199/157 1137/2212/169 1138/2213/170 1126/2200/158
f 1126/2200/158 1138/2213/170 1139/2214/171 1127/2201/159
f 1127/2202/159 1139/2215/171 1140/2216/172 1128/2203/160
f 1128/2203/160 1140/2216/172 1141/2217/173 1129/2204/161
f 1129/2204/161 1141/2217/173 1142/2218/174 1130/2205/162
f 1130/2205/162 1142/2218/174 1143/2219/175 1131/2206/163
f 1131/2206/163 1143/2219/175 1144/2220/176 1132/2207/164
f 1132/2207/164 1144/2220/176 1133/2208/165 1121/2195/153
f 1133/2208/165 1145/2221/177 1146/2222/178 1134/2209/166
f 1134/2209/166 1146/2222/178 1147/2223/179 1135/2210/167
f 1135/2210/167 1147/2223/179 1148/2224/180 1136/2211/168
f 1136/2211/168 1148/2224/180 1149/2225/181 1137/2212/169
f 1137/2212/169 1149/2225/181 1150/2226/182 1138/2213/170
f 1138/2213/170 1150/2226/182 1151/2227/183 1139/2214/171
f 1139/2215/171 1151/2228/183 1152/2229/184 1140/2216/172
f 1140/2216/172 1152/2229/184 1153/2230/185 1141/2217/173
f 1141/2217/173 1153/2230/185 1154/2231/186 1142/2218/174
f 1142/2218/174 1154/2231/186 1155/2232/187 1143/2219/175
f 1143/2219/175 1155/2232/187 1156/2233/188 1144/2220/176
f 1144/2220/176 1156/2233/188 1145/2221/177 1133/2208/165
f 1145/2221/177 1157/2234/189 1158/2235/190 1146/2222/178
f 1146/2222/178 1158/2235/190 1159/2236/191 1147/2223/179
f 1147/2223/179 1159/2236/191 1160/2237/192 1148/2224/180
f 1148/2224/180 1160/2237/192 1161/2238/193 1149/2225/181
f 1149/2225/181 1161/2238/193 1162/2239/194 1150/2226/182
f 1150/2226/182 1162/2239/194 1163/2240/195 1151/2227/183
f 1151/2228/183 1163/2241/195 1164/2242/196 1152/2229/184
f 1152/2229/184 1164/2242/196 1165/2243/197 1153/2230/185
f 1153/2230/185 1165/2243/197 1166/2244/198 1154/2231/186
f 1154/2231/186 1166/2244/198 1167/2245/199 1155/2232/187
f 1155/2232/187 1167/2245/199 1168/2246/200 1156/2233/188
f 1156/2233/188 1168/2246/200 1157/2234/189 1145/2221/177
f 1157/2234/189 1169/2247/201 1170/2248/202 1158/2235/190
f 1158/2235/190 1170/2248/202 1171/2249/203 1159/2236/191
f 1159/2236/191 1171/2249/203 1172/2250/204 1160/2237/192
f 1160/2237/192 1172/2250/204 1173/2251/205 1161/2238/193
f 1161/2238/193 1173/2251/205 1174/2252/206 1162/2239/194
f 1162/2239/194 1174/2252/206 1175/2253/207 1163/2240/195
f 1163/2241/195 1175/2254/207 1176/2255/208 1164/2242/196
f 1164/2242/196 1176/2255/208 1177/2256/209 1165/2243/197
f 1165/2243/197 1177/2256/209 1178/2257/210 1166/2244/198
f 1166/2244/198 1178/2257/210 1179/2258/211 1167/2245/199
f 1167/2245/199 1179/2258/211 1180/2259/212 1168/2246/200
f 1168/2246/200 1180/2259/212 1169/2247/201 1157/2234/189
f 1169/2247/201 1181/2260/213 1182/2261/214 1170/2248/202
f 1170/2248/202 1182/2261/214 1183/2262/215 1171/2249/203
f 1171/2249/203 1183/2262/215 1184/2263/216 1172/2250/204
f 1172/2250/204 1184/2263/216 1185/2264/217 1173/2251/205
f 1173/2251/205 1185/2264/217 1186/2265/218 1174/2252/206
f 1174/2252/206 1186/2265/218 1187/2266/219 1175/2253/207
f 1175/2254/207 1187/2267/219 1188/2268/220 1176/2255/208
f 1176/2255/208 1188/2268/220 1189/2269/221 1177/2256/209
f 1177/2256/209 1189/2269/221 1190/2270/222 1178/2257/210
f 1178/2257/210 1190/2270/222 1191/2271/223 1179/2258/211
f 1179/2258/211 1191/2271/223 1192/2272/224 1180/2259/212
f 1180/2259/212 1192/2272/224 1181/2260/213 1169/2247/201
f 1181/2260/213 1193/2273/225 1194/2274/226 1182/2261/214
f 1182/2261/214 1194/2274/226 1195/2275/227 1183/2262/215
f 1183/2262/215 1195/2275/227 1196/2276/228 1184/2263/216
f 1184/2263/216 1196/2276/228 1197/2277/229 1185/2264/217
f 1185/2264/217 1197/2277/229 1198/2278/230 1186/2265/218
f 1186/2265/218 1198/2278/230 1199/2279/231 1187/2266/219
f 1187/2267/219 1199/2280/231 1200/2281/232 1188/2268/220
f 1188/2268/220 1200/2281/232 1201/2282/233 1189/2269/221
f 1189/2269/221 1201/2282/233 1202/2283/234 1190/2270/222
f 1190/2270/222 1202/2283/234 1203/2284/235 1191/2271/223
f 1191/2271/223 1203/2284/235 1204/2285/236 1192/2272/224
f 1192/2272/224 1204/2285/236 1193/2273/225 1181/2260/213
f 1193/2273/225 1205/2286/237 1206/2287/238 1194/2274/226
f 1194/2274/226 1206/2287/238 1207/2288/239 1195/2275/227
f 1195/2275/227 1207/2288/239 1208/2289/240 1196/2276/228
f 1196/2276/228 1208/2289/240 1209/2290/241 1197/2277/229
f 1197/2277/229 1209/2290/241 1210/2291/242 1198/2278/230
f 1198/2278/230 1210/2291/242 1211/2292/243 1199/2279/231
f 1199/2280/231 1211/2293/243 1212/2294/244 1200/2281/232
f 1200/2281/232 1212/2294/244 1213/2295/245 1201/2282/233
f 1201/2282/233 1213/2295/245 1214/2296/246 1202/2283/234
f 1202/2283/234 1214/2296/246 1215/2297/247 1203/2284/235
f 1203/2284/235 1215/2297/247 1216/2298/248 1204/2285/236
f 1204/2285/236 1216/2298/248 1205/2286/237 1193/2273/225
f 1205/2286/237 1217/2299/249 1218/2300/250 1206/2287/238
f 1206/2287/238 1218/2300/250 1219/2301/251 1207/2288/239
f 1207/2288/239 1219/2301/251 1220/2302/252 1208/2289/240
f 1208/2289/240 1220/2302/252 1221/2303/253 1209/2290/241
f 1209/2290/241 1221/2303/253 1222/2304/254 1210/2291/242
f 1210/2291/242 1222/2304/254 1223/2305/255 1211/2292/243
f 1211/2293/243 1223/2306/255 1224/2307/256 1212/2294/244
f 1212/2294/244 1224/2307/256 1225/2308/257 1213/2295/245
f 1213/2295/245 1225/2308/257 1226/2309/258 1214/2296/246
f 1214/2296/246 1226/2309/258 1227/2310/259 1215/2297/247
f 1215/2297/247 1227/2310/259 1228/2311/260 1216/2298/248
f 1216/2298/248 1228/2311/260 1217/2299/249 1205/2286/237
f 1217/2299/249 1229/2312/261 1230/2313/262 1218/2300/250
f 1218/2300/250 1230/2313/262 1231/2314/263 1219/2301/251
f 1219/2301/251 1231/2314/263 1232/2315/264 1220/2302/252
f 1220/2302/252 1232/2315/264 1233/2316/265 1221/2303/253
f 1221/2303/253 1233/2316/265 1234/2317/266 1222/2304/254
f 1222/2304/254 1234/2317/266 1235/2318/267 1223/2305/255
f 1223/2306/255 1235/2319/267 1236/2320/268 1224/2307/256
f 1224/2307/256 1236/2320/268 1237/2321/269 1225/2308/257
f 1225/2308/257 1237/2321/269 1238/2322/270 1226/2309/258
f 1226/2309/258 1238/2322/270 1239/2323/271 1227/2310/259
f 1227/2310/259 1239/2323/271 1240/2324/272 1228/2311/260
f 1228/2311/260 1240/2324/272 1229/2312/261 1217/2299/249
f 1229/2312/261 1241/2325/273 1242/2326/274 1230/2313/262
f 1230/2313/262 1242/2326/274 1243/2327/275 1231/2314/263
f 1231/2314/263 1243/2327/275 1244/2328/276 1232/2315/264
f 1232/2315/264 1244/2328/276 1245/2329/277 1233/2316/265
f 1233/2316/265 1245/2329/277 1246/2330/278 1234/2317/266
f 1234/2317/266 1246/2330/278 1247/2331/279 1235/2318/267
f 1235/2319/267 1247/2332/279 1248/2333/280 1236/2320/268
f 1236/2320/268 1248/2333/280 1249/2334/281 1237/2321/269
f 1237/2321/269 1249/2334/281 1250/2335/282 1238/2322/270
f 1238/2322/270 1250/2335/282 1251/2336/283 1239/2323/271
f 1239/2323/271 1251/2336/283 1252/2337/284 1240/2324/272
f 1240/2324/272 1252/2337/284 1241/2325/273 1229/2312/261
f 1241/2325/273 1253/2338/285 1254/2339/286 1242/2326/274
f 1242/2326/274 1254/2339/286 1255/2340/287 1243/2327/275
f 1243/2327/275 1255/2340/287 1256/2341/288 1244/2328/276
f 1244/2328/276 1256/2341/288 1257/2342/289 1245/2329/277
f 1245/2329/277 1257/2342/289 1258/2343/290 1246/2330/278
f 1246/2330/278 1258/2343/290 1259/2344/291 1247/2331/279
f 1247/2332/279 1259/2345/291 1260/2346/292 1248/2333/280
f 1248/2333/280 1260/2346/292 1261/2347/293 1249/2334/281
f 1249/2334/281 1261/2347/293 1262/2348/294 1250/2335/282
f 1250/2335/282 1262/2348/294 1263/2349/295 1251/2336/283
f 1251/2336/283 1263/2349/295 1264/2350/296 1252/2337/284
f 1252/2337/284 1264/2350/296 1253/2338/285 1241/2325/273
f 1253/2338/285 1265/2351/297 1266/2352/298 1254/2339/286
f 1254/2339/286 1266/2352/298 1267/2353/299 1255/2340/287
f 1255/2340/287 1267/2353/299 1268/2354/300 1256/2341/288
f 1256/2341/288 1268/2354/300 1269/2355/301 1257/2342/289
f 1257/2342/289 1269/2355/301 1270/2356/302 1258/2343/290
f 1258/2343/290 1270/2356/302 1271/2357/303 1259/2344/291
f 1259/2345/291 1271/2358/303 1272/2359/304 1260/2346/292
f 1260/2346/292 1272/2359/304 1273/2360/305 1261/2347/293
f 1261/2347/293 1273/2360/305 1274/2361/306 1262/2348/294
f 1262/2348/294 1274/2361/306 1275/2362/307 1263/2349/295
f 1263/2349/295 1275/2362/307 1276/2363/308 1264/2350/296
f 1264/2350/296 1276/2363/308 1265/2351/297 1253/2338/285
f 1265/2351/297 1277/2364/309 1278/2365/310 1266/2352/298
f 1266/2352/298 1278/2365/310 1279/2366/311 1267/2353/299
f 1267/2353/299 1279/2366/311 1280/2367/312 1268/2354/300
f 1268/2354/300 1280/2367/312 1281/2368/313 1269/2355/301
f 1269/2355/301 1281/2368/313 1282/2369/314 1270/2356/302
f 1270/2356/302 1282/2369/314 1283/2370/315 1271/2357/303
f 1271/2358/303 1283/2371/315 1284/2372/316 1272/2359/304
f 1272/2359/304 1284/2372/316 1285/2373/317 1273/2360/305
f 1273/2360/305 1285/2373/317 1286/2374/318 1274/2361/306
f 1274/2361/306 1286/2374/318 1287/2375/319 1275/2362/307
f 1275/2362/307 1287/2375/319 1288/2376/320 1276/2363/308
f 1276/2363/308 1288/2376/320 1277/2364/309 1265/2351/297
f 1277/2364/309 1289/2377/321 1290/2378/322 1278/2365/310
f 1278/2365/310 1290/2378/322 1291/2379/323 1279/2366/311
f 1279/2366/311 1291/2379/323 1292/2380/324 1280/2367/312
f 1280/2367/312 1292/2380/324 1293/2381/325 1281/2368/313
f 1281/2368/313 1293/2381/325 1294/2382/326 1282/2369/314
f 1282/2369/314 1294/2382/326 1295/2383/327 1283/2370/315
f 1283/2371/315 1295/2384/327 1296/2385/328 1284/2372/316
f 1284/2372/316 1296/2385/328 1297/2386/329 1285/2373/317
f 1285/2373/317 1297/2386/329 1298/2387/330 1286/2374/318
f 1286/2374/318 1298/2387/330 1299/2388/331 1287/2375/319
f 1287/2375/319 1299/2388/331 1300/2389/332 1288/2376/320
f 1288/2376/320 1300/2389/332 1289/2377/321 1277/2364/309
f 1289/2377/321 1301/2390/333 1302/2391/334 1290/2378/322
f 1290/2378/322 1302/2391/334 1303/2392/335 1291/2379/323
f 1291/2379/323 1303/2392/335 1304/2393/336 1292/2380/324
f 1292/2380/324 1304/2393/336 1305/2394/337 1293/2381/325
f 1293/2381/325 1305/2394/337 1306/2395/338 1294/2382/326
f 1294/2382/326 1306/2395/338 1307/2396/339 1295/2383/327
f 1295/2384/327 1307/2397/339 1308/2398/340 1296/2385/328
f 1296/2385/328 1308/2398/340 1309/2399/341 1297/2386/329
f 1297/2386/329 1309/2399/341 1310/2400/342 1298/2387/330
f 1298/2387/330 1310/2400/342 1311/2401/343 1299/2388/331
f 1299/2388/331 1311/2401/343 1312/2402/344 1300/2389/332
f 1300/2389/332 1312/2402/344 1301/2390/333 1289/2377/321
f 1301/2390/333 1313/2403/345 1314/2404/346 1302/2391/334
f 1302/2391/334 1314/2404/346 1315/2405/347 1303/2392/335
f 1303/2392/335 1315/2405/347 1316/2406/348 1304/2393/336
f 1304/2393/336 1316/2406/348 1317/2407/349 1305/2394/337
f 1305/2394/337 1317/2407/349 1318/2408/350 1306/2395/338
f 1306/2395/338 1318/2408/350 1319/2409/351 1307/2396/339
f 1307/2397/339 1319/2410/351 1320/2411/352 1308/2398/340
f 1308/2398/340 1320/2411/352 1321/2412/353 1309/2399/341
f 1309/2399/341 1321/2412/353 1322/2413/354 1310/2400/342
f 1310/2400/342 1322/2413/354 1323/2414/355 1311/2401/343
f 1311/2401/343 1323/2414/355 1324/2415/356 1312/2402/344
f 1312/2402/344 1324/2415/356 1313/2403/345 1301/2390/333
f 1313/2403/345 1325/2416/357 1326/2417/358 1314/2404/346
f 1314/2404/346 1326/2417/358 1327/2418/359 1315/2405/347
f 1315/2405/347 1327/2418/359 1328/2419/360 1316/2406/348
f 1316/2406/348 1328/2419/360 1329/2420/361 1317/2407/349
f 1317/2407/349 1329/2420/361 1330/2421/362 1318/2408/350
f 1318/2408/350 1330/2421/362 1331/2422/363 1319/2409/351
f 1319/2410/351 1331/2423/363 1332/2424/364 1320/2411/352
f 1320/2411/352 1332/2424/364 1333/2425/365 1321/2412/353
f 1321/2412/353 1333/2425/365 1334/2426/366 1322/2413/354
f 1322/2413/354 1334/2426/366 1335/2427/367 1323/2414/355
f 1323/2414/355 1335/2427/367 1336/2428/368 1324/2415/356
f 1324/2415/356 1336/2428/368 1325/2416/357 1313/2403/345
f 1325/2416/357 1337/2429/369 1338/2430/370 1326/2417/358
f 1326/2417/358 1338/2430/370 1339/2431/371 1327/2418/359
f 1327/2418/359 1339/2431/371 1340/2432/372 1328/2419/360
f 1328/2419/360 1340/2432/372 1341/2433/373 1329/2420/361
f 1329/2420/361 1341/2433/373 1342/2434/374 1330/2421/362
f 1330/2421/362 1342/2434/374 1343/2435/375 1331/2422/363
f 1331/2423/363 1343/2436/375 1344/2437/376 1332/2424/364
f 1332/2424/364 1344/2437/376 1345/2438/377 1333/2425/365
f 1333/2425/365 1345/2438/377 1346/2439/378 1334/2426/366
f 1334/2426/366 1346/2439/378 1347/2440/379 1335/2427/367
f 1335/2427/367 1347/2440/379 1348/2441/380 1336/2428/368
f 1336/2428/368 1348/2441/380 1337/2429/369 1325/2416/357
f 1337/2429/369 1349/2442/381 1350/2443/382 1338/2430/370
f 1338/2430/370 1350/2443/382 1351/2444/383 1339/2431/371
f 1339/2431/371 1351/2444/383 1352/2445/384 1340/2432/372
f 1340/2432/372 1352/2445/384 1353/2446/385 1341/2433/373
f 1341/2433/373 1353/2446/385 1354/2447/386 1342/2434/374
f 1342/2434/374 1354/2447/386 1355/2448/387 1343/2435/375
f 1343/2436/375 1355/2449/387 1356/2450/388 1344/2437/376
f 1344/2437/376 1356/2450/388 1357/2451/389 1345/2438/377
f 1345/2438/377 1357/2451/389 1358/2452/390 1346/2439/378
f 1346/2439/378 1358/2452/390 1359/2453/391 1347/2440/379
f 1347/2440/379 1359/2453/391 1360/2454/392 1348/2441/380
f 1348/2441/380 1360/2454/392 1349/2442/381 1337/2429/369
f 1349/2442/381 1361/2455/393 1362/2456/394 1350/2443/382
f 1350/2443/382 1362/2456/394 1363/2457/395 1351/2444/383
f 1351/2444/383 1363/2457/395 1364/2458/396 1352/2445/384
f 1352/2445/384 1364/2458/396 1365/2459/397 1353/2446/385
f 1353/2446/385 1365/2459/397 1366/2460/398 1354/2447/386
f 1354/2447/386 1366/2460/398 1367/2461/399 1355/2448/387
f 1355/2449/387 1367/2462/399 1368/2463/400 1356/2450/388
f 1356/2450/388 1368/2463/400 1369/2464/401 1357/2451/389
f 1357/2451/389 1369/2464/401 1370/2465/402 1358/2452/390
f 1358/2452/390 1370/2465/402 1371/2466/403 1359/2453/391
f 1359/2453/391 1371/2466/403 1372/2467/404 1360/2454/392
f 1360/2454/392 1372/2467/404 1361/2455/393 1349/2442/381
f 1361/2468/393 1373/2469/405 1374/2470/406 1362/2471/394
f 1362/2471/394 1374/2470/406 1375/2472/407 1363/2473/395
f 1363/2473/395 1375/2472/407 1376/2474/408 1364/2475/396
f 1364/2475/396 1376/2474/408 1377/2476/409 1365/2477/397
f 1365/2477/397 1377/2476/409 1378/2478/410 1366/2479/398
f 1366/2479/398 1378/2478/410 1379/2480/411 1367/2481/399
f 1367/2482/399 1379/2483/411 1380/2484/412 1368/2485/400
f 1368/2485/400 1380/2484/412 1381/2486/413 1369/2487/401
f 1369/2487/401 1381/2486/413 1382/2488/414 1370/2489/402
f 1370/2489/402 1382/2488/414 1383/2490/415 1371/2491/403
f 1371/2491/403 1383/2490/415 1384/2492/416 1372/2493/404
f 1372/2493/404 1384/2492/416 1373/2469/405 1361/2468/393
f 1373/2469/405 1385/2494/417 1386/2495/418 1374/2470/406
f 1374/2470/406 1386/2495/418 1387/2496/419 1375/2472/407
f 1375/2472/407 1387/2496/419 1388/2497/420 1376/2474/408
f 1376/2474/408 1388/2497/420 1389/2498/421 1377/2476/409
f 1377/2476/409 1389/2498/421 1390/2499/422 1378/2478/410
f 1378/2478/410 1390/2499/422 1391/2500/423 1379/2480/411
f 1379/2483/411 1391/2501/423 1392/2502/424 1380/2484/412
f 1380/2484/412 1392/2502/424 1393/2503/425 1381/2486/413
f 1381/2486/413 1393/2503/425 1394/2504/426 1382/2488/414
f 1382/2488/414 1394/2504/426 1395/2505/427 1383/2490/415
f 1383/2490/415 1395/2505/427 1396/2506/428 1384/2492/416
f 1384/2492/416 1396/2506/428 1385/2494/417 1373/2469/405
f 1385/2494/417 1397/2507/429 1398/2508/430 1386/2495/418
f 1386/2495/418 1398/2508/430 1399/2509/431 1387/2496/419
f 1387/2496/419 1399/2509/431 1400/2510/432 1388/2497/420
f 1388/2497/420 1400/2510/432 1401/2511/433 1389/2498/421
f 1389/2498/421 1401/2511/433 1402/2512/434 1390/2499/422
f 1390/2499/422 1402/2512/434 1403/2513/435 1391/2500/423
f 1391/2501/423 1403/2514/435 1404/2515/436 1392/2502/424
f 1392/2502/424 1404/2515/436 1405/2516/437 1393/2503/425
f 1393/2503/425 1405/2516/437 1406/2517/438 1394/2504/426
f 1394/2504/426 1406/2517/438 1407/2518/439 1395/2505/427
f 1395/2505/427 1407/2518/439 1408/2519/440 1396/2506/428
f 1396/2506/428 1408/2519/440 1397/2507/429 1385/2494/417
f 1397/2507/429 1409/2520/441 1410/2521/442 1398/2508/430
f 1398/2508/430 1410/2521/442 1411/2522/443 1399/2509/431
f 1399/2509/431 1411/2522/443 1412/2523/444 1400/2510/432
f 1400/2510/432 1412/2523/444 1413/2524/445 1401/2511/433
f 1401/2511/433 1413/2524/445 1414/2525/446 1402/2512/434
f 1402/2512/434 1414/2525/446 1415/2526/447 1403/2513/435
f 1403/2514/435 1415/2527/447 1416/2528/448 1404/2515/436
f 1404/2515/436 1416/2528/448 1417/2529/449 1405/2516/437
f 1405/2516/437 1417/2529/449 1418/2530/450 1406/2517/438
f 1406/2517/438 1418/2530/450 1419/2531/451 1407/2518/439
f 1407/2518/439 1419/2531/451 1420/2532/452 1408/2519/440
f 1408/2519/440 1420/2532/452 1409/2520/441 1397/2507/429
f 1409/2520/441 1421/2533/453 1422/2534/454 1410/2521/442
f 1410/2521/442 1422/2534/454 1423/2535/455 1411/2522/443
f 1411/2522/443 1423/2535/455 1424/2536/456 1412/2523/444
f 1412/2523/444 1424/2536/456 1425/2537/457 1413/2524/445
f 1413/2524/445 1425/2537/457 1426/2538/458 1414/2525/446
f 1414/2525/446 1426/2538/458 1427/2539/459 1415/2526/447
f 1415/2527/447 1427/2540/459 1428/2541/460 1416/2528/448
f 1416/2528/448 1428/2541/460 1429/2542/461 1417/2529/449
f 1417/2529/449 1429/2542/461 1430/2543/462 1418/2530/450
f 1418/2530/450 1430/2543/462 1431/2544/463 1419/2531/451
f 1419/2531/451 1431/2544/463 1432/2545/464 1420/2532/452
f 1420/2532/452 1432/2545/464 1421/2533/453 1409/2520/441
f 1421/2533/453 1433/2546/465 1434/2547/466 1422/2534/454
f 1422/2534/454 1434/2547/466 1435/2548/467 1423/2535/455
f 1423/2535/455 1435/2548/467 1436/2549/468 1424/2536/456
f 1424/2536/456 1436/2549/468 1437/2550/469 1425/2537/457
f 1425/2537/457 1437/2550/469 1438/2551/470 1426/2538/458
f 1426/2538/458 1438/2551/470 1439/2552/471 1427/2539/459
f 1427/2540/459 1439/2553/471 1440/2554/472 1428/2541/460
f 1428/2541/460 1440/2554/472 1441/2555/473 1429/2542/461
f 1429/2542/461 1441/2555/473 1442/2556/474 1430/2543/462
f 1430/2543/462 1442/2556/474 1443/2557/475 1431/2544/463
f 1431/2544/463 1443/2557/475 1444/2558/476 1432/2545/464
f 1432/2545/464 1444/2558/476 1433/2546/465 1421/2533/453
f 1433/2546/465 1445/2559/477 1446/2560/478 1434/2547/466
f 1434/2547/466 1446/2560/478 1447/2561/479 1435/2548/467
f 1435/2548/467 1447/2561/479 1448/2562/480 1436/2549/468
f 1436/2549/468 1448/2562/480 1449/2563/481 1437/2550/469
f 1437/2550/469 1449/2563/481 1450/2564/482 1438/2551/470
f 1438/2551/470 1450/2564/482 1451/2565/483 1439/2552/471
f 1439/2553/471 1451/2566/483 1452/2567/484 1440/2554/472
f 1440/2554/472 1452/2567/484 1453/2568/485 1441/2555/473
f 1441/2555/473 1453/2568/485 1454/2569/486 1442/2556/474
f 1442/2556/474 1454/2569/486 1455/2570/487 1443/2557/475
f 1443/2557/475 1455/2570/487 1456/2571/488 1444/2558/476
f 1444/2558/476 1456/2571/488 1445/2559/477 1433/2546/465
f 1445/2559/477 1457/2572/489 1458/2573/490 1446/2560/478
f 1446/2560/478 1458/2573/490 1459/2574/491 1447/2561/479
f 1447/2561/479 1459/2574/491 1460/2575/492 1448/2562/480
f 1448/2562/480 1460/2575/492 1461/2576/493 1449/2563/481
f 1449/2563/481 1461/2576/493 1462/2577/494 1450/2564/482
f 1450/2564/482 1462/2577/494 1463/2578/495 1451/2565/483
f 1451/2566/483 1463/2579/495 1464/2580/496 1452/2567/484
f 1452/2567/484 1464/2580/496 1465/2581/497 1453/2568/485
f 1453/2568/485 1465/2581/497 1466/2582/498 1454/2569/486
f 1454/2569/486 1466/2582/498 1467/2583/499 1455/2570/487
f 1455/2570/487 1467/2583/499 1468/2584/500 1456/2571/488
f 1456/2571/488 1468/2584/500 1457/2572/489 1445/2559/477
f 1457/2572/489 1469/2585/501 1470/2586/502 1458/2573/490
f 1458/2573/490 1470/2586/502 1471/2587/503 1459/2574/491
f 1459/2574/491 1471/2587/503 1472/2588/504 1460/2575/492
f 1460/2575/492 1472/2588/504 1473/2589/505 1461/2576/493
f 1461/2576/493 1473/2589/505 1474/2590/506 1462/2577/494
f 1462/2577/494 1474/2590/506 1475/2591/507 1463/2578/495
f 1463/2579/495 1475/2592/507 1476/2593/508 1464/2580/496
f 1464/2580/496 1476/2593/508 1477/2594/509 1465/2581/497
f 1465/2581/497 1477/2594/509 1478/2595/510 1466/2582/498
f 1466/2582/498 1478/2595/510 1479/2596/511 1467/2583/499
f 1467/2583/499 1479/2596/511 1480/2597/512 1468/2584/500
f 1468/2584/500 1480/2597/512 1469/2585/501 1457/2572/489
f 1469/2585/501 1481/2598/513 1482/2599/514 1470/2586/502
f 1470/2586/502 1482/2599/514 1483/2600/515 1471/2587/503
f 1471/2587/503 1483/2600/515 1484/2601/516 1472/2588/504
f 1472/2588/504 1484/2601/516 1485/2602/517 1473/2589/505
f 1473/2589/505 1485/2602/517 1486/2603/518 1474/2590/506
f 1474/2590/506 1486/2603/518 1487/2604/519 1475/2591/507
f 1475/2592/507 1487/2605/519 1488/2606/520 1476/2593/508
f 1476/2593/508 1488/2606/520 1489/2607/521 1477/2594/509
f 1477/2594/509 1489/2607/521 1490/2608/522 1478/2595/510
f 1478/2595/510 1490/2608/522 1491/2609/523 1479/2596/511
f 1479/2596/511 1491/2609/523 1492/2610/524 1480/2597/512
f 1480/2597/512 1492/2610/524 1481/2598/513 1469/2585/501
f 1481/2598/513 1493/2611/525 1494/2612/526 1482/2599/514
f 1482/2599/514 1494/2612/526 1495/2613/527 1483/2600/515
f 1483/2600/515 1495/2613/527 1496/2614/528 1484/2601/516
f 1484/2601/516 1496/2614/528 1497/2615/529 1485/2602/517
f 1485/2602/517 1497/2615/529 1498/2616/530 1486/2603/518
f 1486/2603/518 1498/2616/530 1499/2617/531 1487/2604/519
f 1487/2605/519 1499/2618/531 1500/2619/532 1488/2606/520
f 1488/2606/520 1500/2619/532 1501/2620/533 1489/2607/521
f 1489/2607/521 1501/2620/533 1502/2621/534 1490/2608/522
f 1490/2608/522 1502/2621/534 1503/2622/535 1491/2609/523
f 1491/2609/523 1503/2622/535 1504/2623/536 1492/2610/524
f 1492/2610/524 1504/2623/536 1493/2611/525 1481/2598/513
f 1493/2611/525 1505/2624/537 1506/2625/538 1494/2612/526
f 1494/2612/526 1506/2625/538 1507/2626/539 1495/2613/527
f 1495/2613/527 1507/2626/539 1508/2627/540 1496/2614/528
f 1496/2614/528 1508/2627/540 1509/2628/541 1497/2615/529
f 1497/2615/529 1509/2628/541 1510/2629/542 1498/2616/530
f 1498/2616/530 1510/2629/542 1511/2630/543 1499/2617/531
f 1499/2618/531 1511/2631/543 1512/2632/544 1500/2619/532
f 1500/2619/532 1512/2632/544 1513/2633/545 1501/2620/533
f 1501/2620/533 1513/2633/545 1514/2634/546 1502/2621/534
f 1502/2621/534 1514/2634/546 1515/2635/547 1503/2622/535
f 1503/2622/535 1515/2635/547 1516/2636/548 1504/2623/536
f 1504/2623/536 1516/2636/548 1505/2624/537 1493/2611/525
f 1505/2624/537 1517/2637/549 1518/2638/550 1506/2625/538
f 1506/2625/538 1518/2638/550 1519/2639/551 1507/2626/539
f 1507/2626/539 1519/2639/551 1520/2640/552 1508/2627/540
f 1508/2627/540 1520/2640/552 1521/2641/553 1509/2628/541
f 1509/2628/541 1521/2641/553 1522/2642/554 1510/2629/542
f 1510/2629/542 1522/2642/554 1523/2643/555 1511/2630/543
f 1511/2631/543 1523/2644/555 1524/2645/556 1512/2632/544
f 1512/2632/544 1524/2645/556 1525/2646/557 1513/2633/545
f 1513/2633/545 1525/2646/557 1526/2647/558 1514/2634/546
f 1514/2634/546 1526/2647/558 1527/2648/559 1515/2635/547
f 1515/2635/547 1527/2648/559 1528/2649/560 1516/2636/548
f 1516/2636/548 1528/2649/560 1517/2637/549 1505/2624/537
f 1517/2637/549 1529/2650/561 1530/2651/562 1518/2638/550
f 1518/2638/550 1530/2651/562 1531/2652/563 1519/2639/551
f 1519/2639/551 1531/2652/563 1532/2653/564 1520/2640/552
f 1520/2640/552 1532/2653/564 1533/2654/565 1521/2641/553
f 1521/2641/553 1533/2654/565 1534/2655/566 1522/2642/554
f 1522/2642/554 1534/2655/566 1535/2656/567 1523/2643/555
f 1523/2644/555 1535/2657/567 1536/2658/568 1524/2645/556
f 1524/2645/556 1536/2658/568 1537/2659/569 1525/2646/557
f 1525/2646/557 1537/2659/569 1538/2660/570 1526/2647/558
f 1526/2647/558 1538/2660/570 1539/2661/571 1527/2648/559
f 1527/2648/559 1539/2661/571 1540/2662/572 1528/2649/560
f 1528/2649/560 1540/2662/572 1529/2650/561 1517/2637/549
f 1529/2650/561 1541/2663/573 1542/2664/574 1530/2651/562
f 1530/2651/562 1542/2664/574 1543/2665/575 1531/2652/563
f 1531/2652/563 1543/2665/575 1544/2666/576 1532/2653/564
f 1532/2653/564 1544/2666/576 1545/2667/577 1533/2654/565
f 1533/2654/565 1545/2667/577 1546/2668/578 1534/2655/566
f 1534/2655/566 1546/2668/578 1547/2669/579 1535/2656/567
f 1535/2657/567 1547/2670/579 1548/2671/580 1536/2658/568
f 1536/2658/568 1548/2671/580 1549/2672/581 1537/2659/569
f 1537/2659/569 1549/2672/581 1550/2673/582 1538/2660/570
f 1538/2660/570 1550/2673/582 1551/2674/583 1539/2661/571
f 1539/2661/571 1551/2674/583 1552/2675/584 1540/2662/572
f 1540/2662/572 1552/2675/584 1541/2663/573 1529/2650/561
f 1541/2663/573 1553/2676/585 1554/2677/586 1542/2664/574
f 1542/2664/574 1554/2677/586 1555/2678/587 1543/2665/575
f 1543/2665/575 1555/2678/587 1556/2679/588 1544/2666/576
f 1544/2666/576 1556/2679/588 1557/2680/589 1545/2667/577
f 1545/2667/577 1557/2680/589 1558/2681/590 1546/2668/578
f 1546/2668/578 1558/2681/590 1559/2682/591 1547/2669/579
f 1547/2670/579 1559/2683/591 1560/2684/592 1548/2671/580
f 1548/2671/580 1560/2684/592 1561/2685/593 1549/2672/581
f 1549/2672/581 1561/2685/593 1562/2686/594 1550/2673/582
f 1550/2673/582 1562/2686/594 1563/2687/595 1551/2674/583
f 1551/2674/583 1563/2687/595 1564/2688/596 1552/2675/584
f 1552/2675/584 1564/2688/596 1553/2676/585 1541/2663/573
f 1553/2676/585 1565/2689/597 1566/2690/598 1554/2677/586
f 1554/2677/586 1566/2690/598 1567/2691/599 1555/2678/587
f 1555/2678/587 1567/2691/599 1568/2692/600 1556/2679/588
f 1556/2679/588 1568/2692/600 1569/2693/601 1557/2680/589
f 1557/2680/589 1569/2693/601 1570/2694/602 1558/2681/590
f 1558/2681/590 1570/2694/602 1571/2695/603 1559/2682/591
f 1559/2683/591 1571/2696/603 1572/2697/604 1560/2684/592
f 1560/2684/592 1572/2697/604 1573/2698/605 1561/2685/593
f 1561/2685/593 1573/2698/605 1574/2699/606 1562/2686/594
f 1562/2686/594 1574/2699/606 1575/2700/607 1563/2687/595
f 1563/2687/595 1575/2700/607 1576/2701/608 1564/2688/596
f 1564/2688/596 1576/2701/608 1565/2689/597 1553/2676/585
f 1565/2689/597 1577/2702/609 1578/2703/610 1566/2690/598
f 1566/2690/598 1578/2703/610 1579/2704/611 1567/2691/599
f 1567/2691/599 1579/2704/611 1580/2705/612 1568/2692/600
f 1568/2692/600 1580/2705/612 1581/2706/613 1569/2693/601
f 1569/2693/601 1581/2706/613 1582/2707/614 1570/2694/602
f 1570/2694/602 1582/2707/614 1583/2708/615 1571/2695/603
f 1571/2696/603 1583/2709/615 1584/2710/616 1572/2697/604
f 1572/2697/604 1584/2710/616 1585/2711/617 1573/2698/605
f 1573/2698/605 1585/2711/617 1586/2712/618 1574/2699/606
f 1574/2699/606 1586/2712/618 1587/2713/619 1575/2700/607
f 1575/2700/607 1587/2713/619 1588/2714/620 1576/2701/608
f 1576/2701/608 1588/2714/620 1577/2702/609 1565/2689/597
f 1577/2702/609 1589/2715/621 1590/2716/622 1578/2703/610
f 1578/2703/610 1590/2716/622 1591/2717/623 1579/2704/611
f 1579/2704/611 1591/2717/623 1592/2718/624 1580/2705/612
f 1580/2705/612 1592/2718/624 1593/2719/625 1581/2706/613
f 1581/2706/613 1593/2719/625 1594/2720/626 1582/2707/614
f 1582/2707/614 1594/2720/626 1595/2721/627 1583/2708/615
f 1583/2709/615 1595/2722/627 1596/2723/628 1584/2710/616
f 1584/2710/616 1596/2723/628 1597/2724/629 1585/2711/617
f 1585/2711/617 1597/2724/629 1598/2725/630 1586/2712/618
f 1586/2712/618 1598/2725/630 1599/2726/631 1587/2713/619
f 1587/2713/619 1599/2726/631 1600/2727/632 1588/2714/620
f 1588/2714/620 1600/2727/632 1589/2715/621 1577/2702/609
f 1589/2715/621 1601/2728/633 1602/2729/634 1590/2716/622
f 1590/2716/622 1602/2729/634 1603/2730/635 1591/2717/623
f 1591/2717/623 1603/2730/635 1604/2731/636 1592/2718/624
f 1592/2718/624 1604/2731/636 1605/2732/637 1593/2719/625
f 1593/2719/625 1605/2732/637 1606/2733/638 1594/2720/626
f 1594/2720/626 1606/2733/638 1607/2734/639 1595/2721/627
f 1595/2722/627 1607/2735/639 1608/2736/640 1596/2723/628
f 1596/2723/628 1608/2736/640 1609/2737/641 1597/2724/629
f 1597/2724/629 1609/2737/641 1610/2738/642 1598/2725/630
f 1598/2725/630 1610/2738/642 1611/2739/643 1599/2726/631
f 1599/2726/631 1611/2739/643 1612/2740/644 1600/2727/632
f 1600/2727/632 1612/2740/644 1601/2728/633 1589/2715/621
f 1601/2728/633 1613/2741/645 1614/2742/646 1602/2729/634
f 1602/2729/634 1614/2742/646 1615/2743/647 1603/2730/635
f 1603/2730/635 1615/2743/647 1616/2744/648 1604/2731/636
f 1604/2731/636 1616/2744/648 1617/2745/649 1605/2732/637
f 1605/2732/637 1617/2745/649 1618/2746/650 1606/2733/638
f 1606/2733/638 1618/2746/650 1619/2747/651 1607/2734/639
f 1607/2735/639 1619/2748/651 1620/2749/652 1608/2736/640
f 1608/2736/640 1620/2749/652 1621/2750/653 1609/2737/641
f 1609/2737/641 1621/2750/653 1622/2751/654 1610/2738/642
f 1610/2738/642 1622/2751/654 1623/2752/655 1611/2739/643
f 1611/2739/643 1623/2752/655 1624/2753/656 1612/2740/644
f 1612/2740/644 1624/2753/656 1613/2741/645 1601/2728/633
f 1613/2741/645 1625/2754/657 1626/2755/658 1614/2742/646
f 1614/2742/646 1626/2755/658 1627/2756/659 1615/2743/647
f 1615/2743/647 1627/2756/659 1628/2757/660 1616/2744/648
f 1616/2744/648 1628/2757/660 1629/2758/661 1617/2745/649
f 1617/2745/649 1629/2758/661 1630/2759/662 1618/2746/650
f 1618/2746/650 1630/2759/662 1631/2760/663 1619/2747/651
f 1619/2748/651 1631/2761/663 1632/2762/664 1620/2749/652
f 1620/2749/652 1632/2762/664 1633/2763/665 1621/2750/653
f 1621/2750/653 1633/2763/665 1634/2764/666 1622/2751/654
f 1622/2751/654 1634/2764/666 1635/2765/667 1623/2752/655
f 1623/2752/655 1635/2765/667 1636/2766/668 1624/2753/656
f 1624/2753/656 1636/2766/668 1625/2754/657 1613/2741/645
f 1625/2754/657 1637/2767/669 1638/2768/670 1626/2755/658
f 1626/2755/658 1638/2768/670 1639/2769/671 1627/2756/659
f 1627/2756/659 1639/2769/671 1640/2770/672 1628/2757/660
f 1628/2757/660 1640/2770/672 1641/2771/673 1629/2758/661
f 1629/2758/661 1641/2771/673 1642/2772/674 1630/2759/662
f 1630/2759/662 1642/2772/674 1643/2773/675 1631/2760/663
f 1631/2761/663 1643/2774/675 1644/2775/676 1632/2762/664
f 1632/2762/664 1644/2775/676 1645/2776/677 1633/2763/665
f 1633/2763/665 1645/2776/677 1646/2777/678 1634/2764/666
f 1634/2764/666 1646/2777/678 1647/2778/679 1635/2765/667
f 1635/2765/667 1647/2778/679 1648/2779/680 1636/2766/668
f 1636/2766/668 1648/2779/680 1637/2767/669 1625/2754/657
f 1637/2767/669 1073/2143/105 1074/2146/106 1638/2768/670
f 1638/2768/670 1074/2146/106 1075/2148/107 1639/2769/671
f 1639/2769/671 1075/2148/107 1076/2150/108 1640/2770/672
f 1640/2770/672 1076/2150/108 1077/2152/109 1641/2771/673
f 1641/2771/673 1077/2152/109 1078/2154/110 1642/2772/674
f 1642/2772/674 1078/2154/110 1079/2156/111 1643/2773/675
f 1643/2774/675 1079/2157/111 1080/2160/112 1644/2775/676
f 1644/2775/676 1080/2160/112 1081/2162/113 1645/2776/677
f 1645/2776/677 1081/2162/113 1082/2164/114 1646/2777/678
f 1646/2777/678 1082/2164/114 1083/2166/115 1647/2778/679
f 1647/2778/679 1083/2166/115 1084/2168/116 1648/2779/680
f 1648/2779/680 1084/2168/116 1073/2143/105 1637/2767/669
o Torus
v -0.981417 0.299721 -0.255351
v -0.991701 0.272460 0.193483
v -0.725544 0.633949 0.221537
v -0.715260 0.661210 -0.227297
v -1.449590 0.500834 -0.480786
v -1.440341 0.490168 -0.481207
v -0.763894 1.074715 -0.430095
v -0.773143 1.085381 -0.429675
v -1.470887 0.448522 0.412180
v -1.460282 0.436292 0.411698
v -1.440341 0.490168 -0.481207
v -1.449590 0.500834 -0.480786
v -0.796320 1.032335 0.462735
v -0.784851 1.019108 0.462213
v -1.460282 0.436292 0.411698
v -1.470887 0.448522 0.412180
v -0.773143 1.085381 -0.429675
v -0.763894 1.074715 -0.430095
v -0.784851 1.019108 0.462213
v -0.796320 1.032335 0.462735
v -0.924401 1.069040 0.384481
v -0.934785 1.060626 0.369509
v -0.917981 1.103147 -0.339201
v -0.906925 1.113260 -0.352553
v -1.482232 0.585940 0.342822
v -1.470316 0.596840 0.328431
v -0.934785 1.060626 0.369509
v -0.924401 1.069040 0.384481
v -1.464698 0.629954 -0.395494
v -1.453266 0.639217 -0.379011
v -1.470316 0.596840 0.328431
v -1.482232 0.585940 0.342822
v -0.906925 1.113260 -0.352553
v -0.917981 1.103147 -0.339201
v -1.453266 0.639217 -0.379011
v -1.464698 0.629954 -0.395494
v -1.308260 0.452317 -0.400509
v -1.299652 0.459292 -0.388098
v -0.761346 0.924465 -0.347424
v -0.752181 0.932849 -0.358492
v -1.326339 0.408379 0.334484
v -1.316571 0.417315 0.322687
v -1.299652 0.459292 -0.388098
v -1.308260 0.452317 -0.400509
v -0.769590 0.888684 0.376060
v -0.778118 0.881773 0.363763
v -1.315929 0.417028 0.323127
v -1.325009 0.408721 0.334094
v -0.752181 0.932849 -0.358492
v -0.761346 0.924465 -0.347424
v -0.778118 0.881773 0.363763
v -0.769590 0.888684 0.376060
v -1.335180 0.568679 0.250529
v -1.328426 0.560889 0.250222
v -0.912521 0.920290 0.281647
v -0.919276 0.928079 0.281954
v -1.322291 0.601683 -0.298989
v -1.315381 0.593714 -0.299303
v -1.328426 0.560889 0.250222
v -1.335180 0.568679 0.250529
v -0.906345 0.962217 -0.268071
v -0.898370 0.953021 -0.268433
v -1.315381 0.593714 -0.299303
v -1.322291 0.601683 -0.298989
v -0.919276 0.928079 0.281954
v -0.912521 0.920290 0.281647
v -0.898370 0.953021 -0.268433
v -0.906345 0.962217 -0.268071
v -0.637556 0.737892 0.375373
v -0.648324 0.745802 0.375607
v -0.631401 0.790665 -0.363020
v -0.620633 0.782755 -0.363254
v -1.069182 0.195162 -0.409610
v -1.059302 0.187904 -0.409825
v -0.621237 0.782875 -0.363651
v -0.631117 0.790133 -0.363436
v -1.085910 0.149562 0.330163
v -1.076954 0.142983 0.329969
v -1.060011 0.187900 -0.409544
v -1.068967 0.194479 -0.409349
v -0.648324 0.745802 0.375607
v -0.637556 0.737892 0.375373
v -1.076954 0.142983 0.329969
v -1.085910 0.149562 0.330163
v -0.607501 0.627452 0.293086
v -0.600822 0.636176 0.305533
v -0.586843 0.673235 -0.304628
v -0.594058 0.663089 -0.293645
v -0.955908 0.156453 0.255582
v -0.964244 0.144730 0.268270
v -0.600822 0.636176 0.305533
v -0.607501 0.627452 0.293086
v -0.942839 0.192898 -0.328698
v -0.951216 0.181956 -0.344312
v -0.964244 0.144730 0.268270
v -0.955908 0.156453 0.255582
v -0.594058 0.663089 -0.293645
v -0.586843 0.673235 -0.304628
v -0.951216 0.181956 -0.344312
v -0.942839 0.192898 -0.328698
v -1.099917 0.306243 -0.327177
v -1.106291 0.297916 -0.339057
v -1.120258 0.260889 0.270570
v -1.113372 0.270574 0.260087
v -0.765126 0.743553 0.296794
v -0.758752 0.751880 0.308674
v -0.744784 0.788907 -0.300953
v -0.751671 0.779222 -0.290470
v -1.106291 0.297916 -0.339057
v -1.099917 0.306243 -0.327177
v -1.113372 0.270574 0.260087
v -1.120258 0.260889 0.270570
v -0.758752 0.751880 0.308674
v -0.765126 0.743553 0.296794
v -0.751671 0.779222 -0.290470
v -0.744784 0.788907 -0.300953
v -0.751438 0.130834 -0.313562
v -0.754915 0.123757 -0.322538
v -0.767038 0.090241 0.225080
v -0.763188 0.098350 0.217196
v -0.532566 0.576397 0.251559
v -0.529090 0.583474 0.260536
v -0.516966 0.616991 -0.287083
v -0.520816 0.608882 -0.279198
v -0.754915 0.123757 -0.322538
v -0.751438 0.130834 -0.313562
v -0.763188 0.098350 0.217196
v -0.767038 0.090241 0.225080
v -0.529090 0.583474 0.260536
v -0.532566 0.576397 0.251559
v -0.520816 0.608882 -0.279198
v -0.516966 0.616991 -0.287083
v -0.592656 0.046137 -0.323144
v -0.589634 0.052289 -0.315340
v -0.601408 0.019738 0.216519
v -0.604755 0.012688 0.223373
v -0.367285 0.504930 0.258758
v -0.370308 0.498777 0.250954
v -0.358533 0.531329 -0.280905
v -0.355186 0.538379 -0.287760
v -0.589634 0.052289 -0.315340
v -0.592656 0.046137 -0.323144
v -0.604755 0.012688 0.223373
v -0.601408 0.019738 0.216519
v -0.370308 0.498777 0.250954
v -0.367285 0.504930 0.258758
v -0.355186 0.538379 -0.287760
v -0.358533 0.531329 -0.280905
v -0.419710 0.593167 0.323910
v -0.427569 0.596954 0.323968
v -0.412784 0.637827 -0.343861
v -0.404925 0.634040 -0.343919
v -0.709053 -0.008172 0.280215
v -0.718148 -0.003789 0.280281
v -0.427569 0.596954 0.323968
v -0.419710 0.593167 0.323910
v -0.693934 0.032690 -0.386424
v -0.703566 0.037331 -0.386354
v -0.718148 -0.003789 0.280281
v -0.709053 -0.008172 0.280215
v -0.404925 0.634040 -0.343919
v -0.412784 0.637827 -0.343861
v -0.703566 0.037331 -0.386354
v -0.693934 0.032690 -0.386424
v -0.480214 0.488283 0.186497
v -0.473546 0.485070 0.186448
v -0.464478 0.510140 -0.223166
v -0.471146 0.513353 -0.223117
v -0.649278 0.144398 -0.249730
v -0.642386 0.141077 -0.249781
v -0.651458 0.115996 0.160009
v -0.658350 0.119318 0.160060
v -0.471146 0.513353 -0.223117
v -0.464478 0.510140 -0.223166
v -0.642386 0.141077 -0.249781
v -0.649278 0.144398 -0.249730
v -0.473546 0.485070 0.186448
v -0.480214 0.488283 0.186497
v -0.658350 0.119318 0.160060
v -0.651458 0.115996 0.160009
v -0.456236 0.026795 -0.286053
v -0.454433 0.034958 -0.276535
v -0.464106 0.006740 0.181805
v -0.466287 -0.002524 0.190165
v -0.360170 0.461731 0.220986
v -0.361973 0.453567 0.211469
v -0.352299 0.481785 -0.246871
v -0.350119 0.491050 -0.255231
v -0.454433 0.034958 -0.276535
v -0.456236 0.026795 -0.286053
v -0.350119 0.491050 -0.255231
v -0.352299 0.481785 -0.246871
v -0.466287 -0.002524 0.190165
v -0.464106 0.006740 0.181805
v -0.361973 0.453567 0.211469
v -0.360170 0.461731 0.220986
v -0.135548 0.009215 -0.244906
v -0.135425 0.021182 -0.231354
v -0.143085 -0.002251 0.148522
v -0.143723 -0.015792 0.160485
v -0.131621 0.389486 0.185729
v -0.131744 0.377519 0.172177
v -0.124085 0.400952 -0.207699
v -0.123446 0.414493 -0.219662
v -0.135425 0.021182 -0.231354
v -0.135548 0.009215 -0.244906
v -0.143723 -0.015792 0.160485
v -0.143085 -0.002251 0.148522
v -0.131744 0.377519 0.172177
v -0.131621 0.389486 0.185729
v -0.123446 0.414493 -0.219662
v -0.124085 0.400952 -0.207699
v -0.270826 0.489813 0.275408
v -0.280074 0.491931 0.275344
v -0.267888 0.527479 -0.302060
v -0.258640 0.525361 -0.301995
v -0.399855 -0.073248 0.238245
v -0.408484 -0.071272 0.238185
v -0.279806 0.491686 0.275559
v -0.271177 0.489710 0.275620
v -0.387526 -0.037622 -0.339517
v -0.396387 -0.035593 -0.339579
v -0.408484 -0.071272 0.238185
v -0.399855 -0.073248 0.238245
v -0.258640 0.525361 -0.301995
v -0.267888 0.527479 -0.302060
v -0.396387 -0.035593 -0.339579
v -0.387526 -0.037622 -0.339517
v -0.311903 -0.031171 0.185487
v -0.312721 -0.034646 0.188624
v -0.207848 0.424164 0.219084
v -0.208525 0.421101 0.215513
v -0.303606 -0.005980 -0.282563
v -0.302721 -0.001974 -0.277893
v -0.199573 0.449291 -0.247934
v -0.198503 0.453837 -0.252036
v -0.208525 0.421101 0.215513
v -0.207848 0.424164 0.219084
v -0.198503 0.453837 -0.252036
v -0.199573 0.449291 -0.247934
v -0.312721 -0.034646 0.188624
v -0.311903 -0.031171 0.185487
v -0.302721 -0.001974 -0.277893
v -0.303606 -0.005980 -0.282563
v -0.078078 0.057140 -0.187594
v -0.071041 0.056922 -0.187466
v -0.077079 0.038451 0.111978
v -0.084116 0.038669 0.111850
v -0.068677 0.337475 0.130215
v -0.074648 0.337660 0.130106
v -0.083545 0.039704 0.111547
v -0.077574 0.039519 0.111656
v -0.060953 0.357080 -0.169534
v -0.070210 0.357367 -0.169702
v -0.074648 0.337660 0.130106
v -0.068677 0.337475 0.130215
v -0.071041 0.056922 -0.187466
v -0.078078 0.057140 -0.187594
v -0.070210 0.357367 -0.169702
v -0.060953 0.357080 -0.169534
v -0.081887 -0.060564 0.199456
v -0.088640 -0.060354 0.199333
v -0.074131 0.425534 0.229598
v -0.067378 0.425325 0.229722
v -0.077965 -0.030984 -0.287336
v -0.072974 -0.031139 -0.287244
v -0.058428 0.455993 -0.256902
v -0.063419 0.456148 -0.256993
v -0.067378 0.425325 0.229722
v -0.074131 0.425534 0.229598
v -0.063419 0.456148 -0.256993
v -0.058428 0.455993 -0.256902
v -0.088640 -0.060354 0.199333
v -0.081887 -0.060564 0.199456
v -0.072974 -0.031139 -0.287244
v -0.077965 -0.030984 -0.287336
v -0.372958 0.065679 -0.221242
v -0.366117 0.064112 -0.221194
v -0.373618 0.042231 0.134217
v -0.380459 0.043797 0.134169
v -0.301540 0.390571 0.157421
v -0.294047 0.388855 0.157473
v -0.286536 0.410765 -0.198410
v -0.294029 0.412481 -0.198462
v -0.380459 0.043797 0.134169
v -0.373618 0.042231 0.134217
v -0.294047 0.388855 0.157473
v -0.301540 0.390571 0.157421
v -0.366117 0.064112 -0.221194
v -0.372958 0.065679 -0.221242
v -0.294029 0.412481 -0.198462
v -0.286536 0.410765 -0.198410
v -0.010810 0.007841 -0.239808
v -0.010737 0.014824 -0.231900
v -0.018504 -0.008937 0.153289
v -0.018877 -0.016838 0.160270
v -0.006933 0.383128 0.185184
v -0.007006 0.376145 0.177275
v 0.000761 0.399906 -0.207914
v 0.001134 0.407808 -0.214895
v -0.007006 0.376145 0.177275
v -0.006933 0.383128 0.185184
v 0.001134 0.407808 -0.214895
v 0.000761 0.399906 -0.207914
v -0.010737 0.014824 -0.231900
v -0.010810 0.007841 -0.239808
v -0.018877 -0.016838 0.160270
v -0.018504 -0.008937 0.153289
v 0.147843 0.066695 -0.189659
v 0.146854 0.073310 -0.182139
v 0.140796 0.054091 0.129599
v 0.141510 0.046600 0.136282
v 0.102411 0.370304 0.155480
v 0.103400 0.363689 0.147960
v 0.109458 0.382909 -0.163778
v 0.108744 0.390399 -0.170461
v 0.146854 0.073310 -0.182139
v 0.147843 0.066695 -0.189659
v 0.141510 0.046600 0.136282
v 0.140796 0.054091 0.129599
v 0.103400 0.363689 0.147960
v 0.102411 0.370304 0.155480
v 0.108744 0.390399 -0.170461
v 0.109458 0.382909 -0.163778
v 0.251488 0.080176 -0.185621
v 0.250829 0.084578 -0.180617
v 0.244725 0.065212 0.133497
v 0.245200 0.060227 0.137944
v 0.206386 0.381571 0.157002
v 0.207045 0.377170 0.151998
v 0.213149 0.396536 -0.162116
v 0.212674 0.401520 -0.166563
v 0.250829 0.084578 -0.180617
v 0.251488 0.080176 -0.185621
v 0.245200 0.060227 0.137944
v 0.244725 0.065212 0.133497
v 0.207045 0.377170 0.151998
v 0.206386 0.381571 0.157002
v 0.212674 0.401520 -0.166563
v 0.213149 0.396536 -0.162116
v 0.153071 0.407910 0.192218
v 0.144607 0.406902 0.191991
v 0.152235 0.431102 -0.200542
v 0.160699 0.432111 -0.200315
v 0.207458 0.041988 -0.223718
v 0.199722 0.041066 -0.223926
v 0.192084 0.016834 0.169124
v 0.199821 0.017756 0.169332
v 0.160699 0.432111 -0.200315
v 0.152235 0.431102 -0.200542
v 0.199722 0.041066 -0.223926
v 0.207458 0.041988 -0.223718
v 0.144607 0.406902 0.191991
v 0.153071 0.407910 0.192218
v 0.199821 0.017756 0.169332
v 0.192084 0.016834 0.169124
v 0.188528 0.109455 -0.146080
v 0.198151 0.110602 -0.145822
v 0.193371 0.095437 0.100149
v 0.183748 0.094290 0.099891
v 0.164021 0.339855 0.114771
v 0.154052 0.338666 0.114504
v 0.183748 0.094290 0.099891
v 0.193371 0.095437 0.100149
v 0.168809 0.355038 -0.131448
v 0.158832 0.353849 -0.131716
v 0.154052 0.338666 0.114504
v 0.164021 0.339855 0.114771
v 0.198151 0.110602 -0.145822
v 0.188528 0.109455 -0.146080
v 0.158832 0.353849 -0.131716
v 0.168809 0.355038 -0.131448
vn 0.0237 0.0599 -0.9979
vn -0.7554 -0.6528 -0.0563
vn -0.9926 -0.1183 -0.0266
vn -0.0233 -0.0595 0.9980
vn 0.7554 0.6527 0.0584
vn -0.6548 0.7552 0.0298
vn 0.2387 0.9690 0.0638
vn -0.6557 0.7545 0.0297
vn -0.3974 0.3871 0.8320
vn -0.6548 0.7552 0.0295
vn -0.9949 -0.0970 -0.0294
vn -0.6559 0.7543 0.0298
vn -0.3587 0.4849 -0.7976
vn 0.6548 -0.7552 -0.0298
vn 0.3974 -0.3871 -0.8320
vn 0.6548 -0.7552 -0.0290
vn -0.2387 -0.9690 -0.0638
vn 0.3587 -0.4849 0.7976
vn 0.0376 -0.8113 -0.5834
vn 0.6548 -0.7552 -0.0299
vn 0.9949 0.0970 0.0294
vn 0.7554 0.6528 0.0569
vn -0.0229 -0.0592 0.9980
vn 0.3588 -0.4849 0.7976
vn -0.7554 -0.6527 -0.0583
vn 0.5918 0.8037 0.0624
vn 0.0229 0.0606 -0.9979
vn 0.4910 0.6843 -0.5392
vn -0.5918 -0.8037 -0.0624
vn -0.3310 -0.4259 -0.8421
vn -0.0222 -0.0597 0.9980
vn 0.8058 -0.5919 -0.0175
vn -0.0179 -0.9980 -0.0610
vn 0.9484 0.3145 0.0408
vn 0.8045 -0.5937 -0.0178
vn 0.4839 -0.2923 -0.8249
vn 0.4466 -0.3912 0.8047
vn 0.8059 -0.5918 -0.0189
vn 0.8037 -0.5948 -0.0173
vn -0.8058 0.5919 0.0175
vn -0.4839 0.2923 0.8249
vn -0.4466 0.3912 -0.8047
vn 0.0179 0.9980 0.0610
vn -0.9484 -0.3145 -0.0408
vn -0.9008 0.4341 0.0066
vn 0.9008 -0.4341 -0.0066
vn 0.4336 0.8988 0.0646
vn -0.1661 0.9845 0.0566
vn 0.8741 0.4832 0.0489
vn -0.0224 -0.0617 0.9978
vn 0.5021 -0.3005 0.8109
vn -0.5381 0.2008 0.8186
vn -0.4336 -0.8988 -0.0649
vn -0.8741 -0.4832 -0.0489
vn 0.1661 -0.9845 -0.0566
vn 0.0216 0.0601 -0.9980
vn -0.5021 0.3005 -0.8109
vn 0.5381 -0.2008 -0.8186
vn -0.4336 -0.8988 -0.0646
vn -0.0222 -0.0613 0.9979
vn 0.0220 0.0609 -0.9979
vn -0.9747 0.2233 -0.0068
vn -0.9994 0.0310 -0.0182
vn 0.2224 0.9728 0.0646
vn -0.3812 0.9232 0.0488
vn -0.0211 -0.0614 0.9979
vn -0.5800 0.0787 0.8108
vn 0.1670 0.7487 0.6416
vn -0.2224 -0.9728 -0.0647
vn -0.7443 -0.6654 -0.0567
vn 0.0211 0.0617 -0.9979
vn -0.5456 0.1791 -0.8187
vn 0.9747 -0.2232 0.0068
vn 0.5456 -0.1791 0.8187
vn 0.9747 -0.2233 0.0068
vn 0.5800 -0.0787 -0.8108
vn 0.9747 -0.2234 0.0053
vn 0.7443 0.6654 0.0567
vn 0.9748 -0.2230 0.0053
vn 0.3812 -0.9232 -0.0488
vn 0.0298 0.9976 0.0621
vn -0.5527 0.8324 0.0402
vn 0.0201 0.0616 -0.9979
vn -0.5605 0.0681 -0.8253
vn 0.0087 -0.2851 -0.9585
vn -0.0297 -0.9974 -0.0660
vn -0.6013 -0.7967 -0.0613
vn -0.0200 -0.0590 0.9981
vn -0.5934 -0.0324 0.8043
vn -0.0201 -0.0616 0.9979
vn 0.0298 0.9975 0.0634
vn -0.0298 -0.9977 -0.0609
vn -0.2224 -0.9728 -0.0646
vn 0.0212 0.0621 -0.9978
vn -0.0209 -0.0608 0.9979
vn 0.9994 -0.0310 0.0182
vn 0.5605 -0.0681 0.8253
vn 0.5934 0.0324 -0.8043
vn 0.6013 0.7967 0.0613
vn 0.5527 -0.8324 -0.0402
vn 0.9926 0.1183 0.0266
vn -0.1197 0.9911 0.0588
vn -0.6708 0.7409 0.0326
vn 0.4753 0.8775 0.0633
vn 0.1197 -0.9911 -0.0588
vn 0.6708 -0.7409 -0.0326
vn -0.4753 -0.8775 -0.0633
vn 0.0193 0.0622 -0.9979
vn -0.5573 -0.0181 -0.8301
vn 0.5889 0.1185 -0.7994
vn -0.0195 -0.0609 0.9980
vn 0.5573 0.0181 0.8301
vn -0.5889 -0.1185 0.7994
vn 0.0193 0.0620 -0.9979
vn -0.0195 -0.0610 0.9979
vt 0.500000 0.513787
vt 0.250441 0.511489
vt 0.250000 0.486213
vt 0.499559 0.488511
vt 0.499559 0.488511
vt 0.749494 0.486827
vt 0.750000 0.515808
vt 1.000000 0.517097
vt 0.749494 0.486827
vt 1.000000 0.482902
vt 0.000855 0.508549
vt 0.000000 0.482902
vt 0.000855 0.508549
vt 0.000000 0.482902
vt 0.000072 0.729690
vt 0.250988 0.736796
vt 0.250000 0.769591
vt 0.001031 0.760811
vt 1.000000 0.769591
vt 0.750827 0.764077
vt 0.750000 0.728884
vt 1.000000 0.730409
vt 0.750827 0.764077
vt 0.500845 0.764379
vt 0.500000 0.728432
vt 0.250988 0.736796
vt 0.499970 0.266398
vt 0.249203 0.260827
vt 0.250000 0.233760
vt 0.499361 0.239185
vt 0.749963 0.267504
vt 0.499970 0.266398
vt 0.499361 0.239185
vt 0.749319 0.238476
vt 1.000000 0.266091
vt 0.750229 0.266272
vt 0.749631 0.239288
vt 1.000000 0.233909
vt 0.000000 0.266091
vt 0.001261 0.244636
vt 0.001261 0.244636
vt 0.750000 0.000000
vt 1.000000 0.000000
vt 1.000000 0.010069
vt 0.749971 0.010319
vt 1.000000 0.989931
vt 0.750036 0.989622
vt 0.500000 0.000000
vt 0.748547 0.000000
vt 0.749971 0.010319
vt 0.499972 0.010540
vt 0.500038 0.989375
vt 0.250000 0.000000
vt 0.498513 0.000000
vt 0.250000 0.011887
vt 0.250000 0.988113
vt 0.001453 0.000000
vt 0.248284 0.000000
vt 0.000054 0.010531
vt 0.000054 0.010531
vt 0.000000 0.000000
vt 0.000045 0.989547
vt 0.000000 0.484243
vt 0.249496 0.486869
vt 0.250000 0.515757
vt 0.000525 0.510504
vt 0.500000 0.514458
vt 0.250225 0.514458
vt 0.249762 0.487952
vt 0.499537 0.487952
vt 0.499815 0.489079
vt 0.749581 0.489079
vt 0.750000 0.513105
vt 0.500234 0.513105
vt 1.000000 0.515757
vt 0.749581 0.489079
vt 1.000000 0.484243
vt 0.001022 0.239128
vt 0.249230 0.236966
vt 0.249958 0.269795
vt 0.000000 0.269576
vt 1.000000 0.269576
vt 0.748861 0.265234
vt 0.750000 0.227384
vt 1.000000 0.230425
vt 0.498760 0.266559
vt 0.500000 0.225445
vt 0.249230 0.236966
vt 0.249958 0.269795
vt 0.750000 0.731316
vt 1.000000 0.731316
vt 1.000000 0.768684
vt 0.750732 0.762456
vt 0.500000 0.768684
vt 0.250732 0.762456
vt 0.250000 0.731316
vt 0.500916 0.737544
vt 0.500000 1.000000
vt 0.250000 1.000000
vt 1.000000 1.000000
vt 0.750000 1.000000
vt 0.750732 0.762456
vt 0.500000 0.768684
vt 0.500916 0.737544
vt 0.000021 0.740448
vt 0.250000 0.731316
vt 0.000000 0.768685
vt 0.000000 0.768684
vt 0.000000 1.000000
vt 0.000021 0.740448
vt 0.750000 0.734365
vt 1.000000 0.734365
vt 1.000000 0.765635
vt 0.750611 0.760424
vt 0.500000 0.765635
vt 0.250611 0.760424
vt 0.250000 0.734365
vt 0.500767 0.739577
vt 0.750611 0.760424
vt 0.500000 0.765635
vt 0.750000 0.734365
vt 0.000000 0.765635
vt 0.000000 0.742182
vt 0.250000 0.734365
vt 0.000000 0.742182
vt 0.750000 0.236407
vt 1.000000 0.236407
vt 1.000000 0.263593
vt 0.749333 0.259062
vt 0.500000 0.263593
vt 0.249333 0.259062
vt 0.250000 0.236407
vt 0.499469 0.240938
vt 0.749333 0.259062
vt 0.000000 0.256796
vt 0.000000 0.236407
vt 0.250000 0.236407
vt 0.000000 0.488255
vt 0.249609 0.490320
vt 0.250000 0.511417
vt 0.000000 0.511798
vt 0.999429 0.505708
vt 0.750427 0.511030
vt 0.749963 0.486535
vt 1.000000 0.488583
vt 0.750427 0.511030
vt 0.500483 0.511895
vt 0.500000 0.486008
vt 0.749963 0.486535
vt 0.250000 0.511417
vt 0.250000 0.009687
vt 0.000000 0.009687
vt 0.250025 0.990097
vt 0.000000 0.990313
vt 0.750000 0.010013
vt 0.499977 0.010205
vt 0.750026 0.989765
vt 0.500000 0.989987
vt 0.251398 0.000000
vt 0.498555 0.000000
vt 0.499978 0.010205
vt 0.751445 0.000000
vt 0.998602 0.000000
vt 1.000000 0.009687
vt 1.000000 0.990313
vt 0.500000 0.730871
vt 0.750938 0.737247
vt 0.750000 0.769129
vt 0.500747 0.762753
vt 0.000000 0.730871
vt 0.250938 0.737247
vt 0.250000 0.769129
vt 0.000996 0.760627
vt 1.000000 0.769129
vt 0.750938 0.737247
vt 1.000000 0.730871
vt 0.500000 0.717508
vt 0.751591 0.728338
vt 0.750000 0.782492
vt 0.501267 0.771662
vt 0.000000 0.717508
vt 0.251591 0.728339
vt 0.250000 0.782492
vt 0.001689 0.768051
vt 0.250000 0.782492
vt 0.251591 0.728339
vt 1.000000 0.782492
vt 0.751591 0.728338
vt 1.000000 0.717508
vt 0.000000 0.485673
vt 0.249536 0.488030
vt 0.250058 0.514723
vt 0.000478 0.509551
vt 0.750000 0.486632
vt 0.999834 0.486632
vt 0.999834 0.513368
vt 0.750469 0.511417
vt 1.000000 0.514327
vt 0.000446 0.508496
vt 0.000000 0.486217
vt 0.500000 0.486273
vt 0.750000 0.486632
vt 0.500439 0.511439
vt 0.249536 0.488030
vt 0.500000 0.486273
vt 0.500439 0.511439
vt 0.250058 0.514723
vt 0.750000 0.242823
vt 1.000000 0.242823
vt 1.000000 0.254785
vt 0.749647 0.254785
vt 1.000000 0.485673
vt 0.500000 0.259388
vt 0.249525 0.256329
vt 0.250000 0.240612
vt 0.499632 0.243743
vt 0.000000 0.257177
vt 0.000000 0.242823
vt 0.499632 0.243743
vt 0.750000 0.012655
vt 0.500000 0.012655
vt 0.750000 0.987345
vt 0.500074 0.986714
vt 0.752103 0.000000
vt 1.000000 0.010737
vt 0.750554 0.010737
vt 1.000000 0.989263
vt 0.750554 0.989263
vt 0.001550 0.000000
vt 0.250000 0.000000
vt 0.250000 0.016646
vt 0.000000 0.010737
vt 0.250000 0.983354
vt 0.000083 0.988550
vt 0.000000 0.000000
vt 0.252403 0.000000
vt 0.498173 0.000000
vt 0.750000 0.487857
vt 1.000000 0.487857
vt 0.999595 0.508096
vt 0.750455 0.510573
vt 0.500000 0.508975
vt 0.250337 0.507814
vt 0.250000 0.491025
vt 0.499711 0.492519
vt 0.000000 0.512143
vt 0.000000 0.487857
vt 0.500000 0.508975
vt 0.750000 0.010598
vt 0.499984 0.010736
vt 0.750000 0.989402
vt 0.500034 0.989110
vt 0.250000 0.011607
vt 0.000000 0.011608
vt 0.250000 0.988392
vt 0.000050 0.987965
vt 0.751530 0.000000
vt 0.998325 0.000000
vt 1.000000 0.011608
vt 1.000000 0.988393
vt 0.251675 0.000000
vt 0.498470 0.000000
vt 0.250000 0.011607
vt 0.750000 0.231039
vt 1.000000 0.231039
vt 1.000000 0.268961
vt 0.749076 0.262641
vt 0.499977 0.269078
vt 0.249078 0.262641
vt 0.250000 0.231039
vt 0.499256 0.237368
vt 0.000000 0.231039
vt 0.249078 0.262641
vt 0.000000 0.259480
vt 0.000000 0.231039
vt 0.499256 0.237368
vt 0.749076 0.262641
vt 0.499977 0.269078
vt 0.500000 0.727728
vt 0.751092 0.735152
vt 0.750000 0.772272
vt 0.500870 0.764848
vt 0.000000 0.727728
vt 0.251092 0.735152
vt 0.250000 0.772272
vt 0.001160 0.762374
vt 1.000000 0.772272
vt 0.751092 0.735152
vt 1.000000 0.727728
vt 0.750000 0.235179
vt 0.999228 0.241766
vt 1.000000 0.264821
vt 0.749273 0.259881
vt 0.500000 0.264821
vt 0.249273 0.259881
vt 0.250000 0.235179
vt 0.499421 0.240120
vt 0.249273 0.259881
vt 0.000000 0.264821
vt 0.000000 0.235179
vt 0.000000 0.481129
vt 0.249343 0.483930
vt 0.250090 0.519486
vt 0.000000 0.518871
vt 0.500000 0.482751
vt 0.749400 0.485311
vt 0.750083 0.517811
vt 0.500553 0.514376
vt 0.500553 0.514377
vt 0.250090 0.519486
vt 0.500000 0.482751
vt 0.999057 0.509435
vt 0.749400 0.485311
vt 1.000000 0.481129
vt 0.999056 0.509435
vt 0.750000 0.021456
vt 0.499947 0.021907
vt 0.750000 0.978544
vt 0.500082 0.977844
vt 0.753097 0.000000
vt 0.999927 0.022851
vt 0.750000 0.021456
vt 1.000000 0.977772
vt 0.003208 0.000000
vt 0.250000 0.022244
vt 0.000000 0.022228
vt 0.250000 0.977756
vt 0.000113 0.976806
vt 0.499947 0.021907
vt 0.253211 0.000000
vt 0.496903 0.000000
s 0
usemtl Material
f 1653/2780/681 1656/2781/681 1655/2782/681 1654/2783/681
f 1659/2784/682 1658/2785/682 1657/2786/682 1660/2780/682
f 1653/2780/683 1654/2783/683 1659/2784/683 1660/2780/683
f 1661/2787/684 1664/2786/684 1663/2788/684 1662/2789/684
f 1657/2786/683 1658/2785/683 1663/2788/683 1664/2786/683
f 1665/2781/685 1668/2790/685 1667/2791/685 1666/2782/685
f 1655/2782/683 1656/2781/683 1665/2781/683 1666/2782/683
f 1661/2792/683 1662/2793/683 1667/2791/683 1668/2790/683
f 1669/2794/686 1672/2795/686 1671/2796/686 1670/2797/686
f 1661/2792/687 1668/2792/687 1665/2781/687 1656/2781/687 1672/2795/687 1669/2794/687
f 1675/2798/688 1674/2799/688 1673/2800/688 1676/2801/688
f 1657/2786/689 1664/2786/689 1661/2787/689 1669/2801/689 1676/2801/689 1673/2800/689
f 1669/2794/683 1670/2797/683 1675/2797/683 1676/2794/683
f 1679/2802/690 1678/2803/690 1677/2804/690 1680/2800/690
f 1653/2780/691 1660/2780/691 1657/2786/691 1673/2800/691 1680/2800/691 1677/2804/691
f 1673/2800/683 1674/2799/683 1679/2802/683 1680/2800/683
f 1681/2805/692 1684/2804/692 1683/2803/692 1682/2796/692
f 1671/2796/683 1672/2795/683 1681/2805/683 1682/2796/683
f 1656/2781/693 1653/2780/693 1677/2804/693 1684/2804/693 1681/2805/693 1672/2795/693
f 1677/2804/683 1678/2803/683 1683/2803/683 1684/2804/683
f 1685/2806/694 1688/2807/694 1687/2808/694 1686/2809/694
f 1688/2807/695 1685/2806/695 1654/2783/695 1655/2782/695
f 1689/2810/696 1692/2811/696 1691/2812/696 1690/2813/696
f 1685/2806/697 1692/2811/697 1689/2810/697 1658/2785/697 1659/2783/697 1654/2783/697
f 1685/2806/683 1686/2809/683 1691/2812/683 1692/2811/683
f 1693/2814/694 1696/2815/694 1695/2816/694 1694/2817/694
f 1689/2810/698 1696/2815/698 1693/2814/698 1662/2789/698 1663/2785/698 1658/2785/698
f 1689/2810/699 1690/2813/699 1695/2816/699 1696/2815/699
f 1697/2807/700 1700/2818/700 1699/2819/700 1698/2808/700
f 1687/2808/683 1688/2807/683 1697/2807/683 1698/2808/683
f 1693/2818/701 1700/2818/701 1697/2807/701 1688/2807/701 1655/2782/701 1666/2782/701 1667/2793/701 1662/2793/701
f 1693/2818/683 1694/2820/683 1699/2819/683 1700/2818/683
f 1701/2821/681 1704/2822/681 1703/2823/681 1702/2824/681
f 1702/2824/695 1703/2823/695 1694/2817/695 1695/2816/695 1690/2813/695
f 1674/2799/693 1675/2798/693 1670/2798/693 1704/2825/693 1701/2826/693
f 1705/2827/702 1708/2828/702 1707/2829/702 1706/2830/702
f 1706/2830/701 1707/2829/701 1702/2824/701 1690/2813/701 1691/2809/701 1686/2809/701
f 1678/2803/687 1679/2802/687 1674/2802/687 1701/2826/687 1708/2826/687 1705/2831/687
f 1701/2821/683 1702/2824/683 1707/2829/683 1708/2828/683
f 1709/2832/703 1712/2833/703 1711/2830/703 1710/2834/703
f 1671/2796/689 1682/2796/689 1683/2803/689 1678/2803/689 1705/2831/689 1712/2831/689 1709/2835/689
f 1710/2834/704 1711/2830/704 1706/2830/704 1686/2809/704 1687/2808/704
f 1705/2827/683 1706/2830/683 1711/2830/683 1712/2833/683
f 1713/2836/705 1716/2837/705 1715/2834/705 1714/2838/705
f 1703/2839/697 1714/2838/697 1715/2834/697 1710/2834/697 1687/2808/697 1698/2808/697 1699/2820/697 1694/2820/697
f 1703/2839/683 1704/2840/683 1713/2836/683 1714/2838/683
f 1670/2797/691 1671/2796/691 1709/2835/691 1716/2835/691 1713/2841/691 1704/2841/691
f 1709/2832/683 1710/2834/683 1715/2834/683 1716/2837/683
f 1717/2842/706 1720/2843/706 1719/2844/706 1718/2845/706
f 1721/2846/707 1724/2847/707 1723/2848/707 1722/2849/707
f 1719/2844/708 1720/2843/708 1723/2848/708 1724/2847/708
f 1727/2850/709 1726/2851/709 1725/2852/709 1728/2853/709
f 1721/2846/710 1722/2849/710 1727/2850/710 1728/2853/710
f 1729/2854/711 1732/2852/711 1731/2855/711 1730/2856/711
f 1717/2842/683 1718/2845/683 1729/2845/683 1730/2842/683
f 1725/2852/683 1726/2851/683 1731/2855/683 1732/2852/683
f 1733/2857/712 1736/2858/712 1735/2859/712 1734/2860/712
f 1651/2840/713 1652/2832/713 1736/2858/713 1733/2857/713
f 1734/2860/714 1735/2859/714 1720/2843/714 1717/2842/714
f 1739/2861/715 1738/2862/715 1737/2863/715 1740/2864/715
f 1650/2821/716 1651/2822/716 1733/2864/716 1740/2864/716 1737/2863/716
f 1738/2862/717 1739/2861/717 1734/2861/717 1717/2856/717 1730/2856/717 1731/2851/717 1726/2851/717
f 1733/2857/683 1734/2860/683 1739/2860/683 1740/2857/683
f 1743/2862/718 1742/2865/718 1741/2866/718 1744/2863/718
f 1649/2827/714 1650/2821/714 1737/2863/714 1744/2863/714 1741/2866/714
f 1742/2865/713 1743/2862/713 1738/2862/713 1726/2851/713 1727/2850/713 1722/2849/713
f 1737/2863/683 1738/2862/683 1743/2862/683 1744/2863/683
f 1745/2867/719 1748/2866/719 1747/2865/719 1746/2868/719
f 1735/2859/716 1746/2868/716 1747/2865/716 1742/2865/716 1722/2849/716 1723/2848/716 1720/2843/716
f 1735/2859/683 1736/2858/683 1745/2867/683 1746/2868/683
f 1652/2832/717 1649/2827/717 1741/2866/717 1748/2866/717 1745/2867/717 1736/2858/717
f 1741/2866/683 1742/2865/683 1747/2865/683 1748/2866/683
f 1751/2869/720 1754/2870/720 1753/2871/720 1752/2872/720
f 1749/2873/720 1756/2874/720 1755/2875/720 1750/2876/720
f 1756/2874/721 1749/2873/721 1649/2877/721 1652/2878/721
f 1719/2844/722 1724/2847/722 1721/2846/722 1750/2876/722 1755/2875/722
f 1752/2872/722 1753/2871/722 1651/2879/722 1650/2880/722
f 1725/2852/721 1732/2852/721 1729/2854/721 1718/2854/721 1754/2870/721 1751/2869/721
f 1759/2881/720 1758/2882/720 1757/2883/720 1760/2869/720
f 1761/2884/720 1764/2885/720 1763/2874/720 1762/2886/720
f 1749/2873/723 1758/2882/723 1759/2881/723 1752/2872/723 1650/2880/723 1649/2877/723
f 1749/2873/683 1750/2876/683 1757/2883/683 1758/2882/683
f 1721/2846/724 1728/2853/724 1725/2852/724 1751/2869/724 1760/2869/724 1757/2883/724 1750/2876/724
f 1751/2869/683 1752/2872/683 1759/2881/683 1760/2869/683
f 1753/2887/724 1762/2886/724 1763/2874/724 1756/2874/724 1652/2878/724 1651/2888/724
f 1753/2887/683 1754/2889/683 1761/2884/683 1762/2886/683
f 1718/2845/723 1719/2844/723 1755/2875/723 1764/2885/723 1761/2884/723 1754/2889/723
f 1755/2875/683 1756/2874/683 1763/2874/683 1764/2885/683
f 1767/2890/725 1770/2891/725 1769/2892/725 1768/2893/725
f 1765/2894/725 1772/2895/725 1771/2896/725 1766/2897/725
f 1775/2898/725 1774/2899/725 1773/2897/725 1776/2900/725
f 1779/2895/725 1778/2901/725 1777/2902/725 1780/2903/725
f 1765/2894/683 1766/2897/683 1773/2897/683 1774/2899/683
f 1767/2890/683 1768/2893/683 1775/2898/683 1776/2900/683
f 1769/2901/683 1770/2904/683 1777/2902/683 1778/2901/683
f 1771/2896/683 1772/2895/683 1779/2895/683 1780/2903/683
f 1783/2905/726 1786/2906/726 1785/2907/726 1784/2908/726
f 1781/2909/726 1788/2910/726 1787/2911/726 1782/2912/726
f 1791/2913/726 1790/2909/726 1789/2912/726 1792/2905/726
f 1795/2910/726 1794/2914/726 1793/2915/726 1796/2916/726
f 1781/2909/683 1782/2912/683 1789/2912/683 1790/2909/683
f 1783/2905/683 1784/2908/683 1791/2913/683 1792/2905/683
f 1785/2914/683 1786/2915/683 1793/2915/683 1794/2914/683
f 1787/2911/683 1788/2910/683 1795/2910/683 1796/2916/683
f 1797/2917/727 1800/2918/727 1799/2919/727 1798/2920/727
f 1798/2920/728 1799/2919/728 1771/2896/728 1780/2896/728 1777/2904/728 1770/2904/728
f 1785/2914/729 1794/2914/729 1795/2910/729 1788/2910/729 1800/2918/729 1797/2917/729
f 1803/2921/730 1802/2922/730 1801/2923/730 1804/2924/730
f 1784/2908/731 1785/2907/731 1797/2924/731 1804/2924/731 1801/2923/731
f 1802/2922/732 1803/2921/732 1798/2921/732 1770/2891/732 1767/2890/732
f 1797/2924/683 1798/2921/683 1803/2921/683 1804/2924/683
f 1807/2925/733 1806/2926/733 1805/2927/733 1808/2928/733
f 1806/2926/734 1807/2925/734 1802/2922/734 1767/2890/734 1776/2890/734 1773/2897/734 1766/2897/734
f 1781/2909/735 1790/2909/735 1791/2913/735 1784/2913/735 1801/2923/735 1808/2928/735 1805/2927/735
f 1801/2923/683 1802/2922/683 1807/2925/683 1808/2928/683
f 1809/2918/736 1812/2927/736 1811/2926/736 1810/2929/736
f 1799/2919/737 1810/2929/737 1811/2926/737 1806/2926/737 1766/2897/737 1771/2896/737
f 1799/2919/683 1800/2918/683 1809/2918/683 1810/2929/683
f 1788/2910/738 1781/2909/738 1805/2927/738 1812/2927/738 1809/2918/738 1800/2918/738
f 1805/2927/683 1806/2926/683 1811/2926/683 1812/2927/683
f 1813/2840/739 1816/2832/739 1815/2930/739 1814/2931/739
f 1814/2931/735 1815/2930/735 1787/2911/735 1796/2911/735 1793/2915/735 1786/2915/735
f 1769/2901/734 1778/2901/734 1779/2895/734 1772/2895/734 1816/2932/734 1813/2933/734
f 1817/2827/727 1820/2821/727 1819/2934/727 1818/2935/727
f 1818/2935/729 1819/2934/729 1783/2905/729 1792/2905/729 1789/2912/729 1782/2912/729
f 1765/2894/728 1774/2894/728 1775/2898/728 1768/2898/728 1820/2936/728 1817/2937/728
f 1821/2938/740 1824/2939/740 1823/2940/740 1822/2930/740
f 1815/2930/731 1822/2930/731 1823/2940/731 1818/2935/731 1782/2912/731 1787/2911/731
f 1815/2930/683 1816/2832/683 1821/2938/683 1822/2930/683
f 1772/2895/732 1765/2894/732 1817/2937/732 1824/2937/732 1821/2932/732 1816/2932/732
f 1817/2827/683 1818/2935/683 1823/2940/683 1824/2939/683
f 1827/2941/741 1826/2942/741 1825/2943/741 1828/2934/741
f 1768/2893/737 1769/2892/737 1813/2944/737 1826/2944/737 1827/2936/737 1820/2936/737
f 1813/2822/683 1814/2943/683 1825/2943/683 1826/2942/683
f 1819/2934/738 1828/2934/738 1825/2943/738 1814/2943/738 1786/2906/738 1783/2905/738
f 1819/2934/683 1820/2821/683 1827/2941/683 1828/2934/683
f 1829/2945/742 1832/2946/742 1831/2947/742 1830/2948/742
f 1833/2949/742 1836/2950/742 1835/2951/742 1834/2952/742
f 1837/2948/742 1840/2951/742 1839/2950/742 1838/2945/742
f 1829/2945/683 1830/2948/683 1837/2948/683 1838/2945/683
f 1835/2951/683 1836/2950/683 1839/2950/683 1840/2951/683
f 1843/2953/742 1842/2947/742 1841/2954/742 1844/2955/742
f 1831/2947/683 1832/2946/683 1841/2954/683 1842/2947/683
f 1833/2949/683 1834/2952/683 1843/2952/683 1844/2949/683
f 1845/2956/743 1848/2957/743 1847/2958/743 1846/2959/743
f 1849/2960/743 1852/2961/743 1851/2962/743 1850/2963/743
f 1853/2959/743 1860/2964/743 1859/2965/743 1854/2956/743
f 1857/2966/743 1856/2958/743 1855/2967/743 1858/2968/743
f 1845/2956/683 1846/2959/683 1853/2959/683 1854/2956/683
f 1847/2958/683 1848/2957/683 1855/2967/683 1856/2958/683
f 1849/2960/683 1850/2963/683 1857/2963/683 1858/2960/683
f 1851/2962/683 1852/2961/683 1859/2965/683 1860/2964/683
f 1861/2969/744 1864/2970/744 1863/2971/744 1862/2972/744
f 1862/2972/745 1863/2971/745 1836/2950/745 1833/2949/745
f 1865/2973/746 1868/2974/746 1867/2975/746 1866/2976/746
f 1866/2976/747 1867/2975/747 1862/2977/747 1833/2955/747 1844/2955/747 1841/2946/747 1832/2946/747
f 1861/2969/748 1862/2972/748 1867/2978/748 1868/2979/748
f 1869/2980/749 1872/2981/749 1871/2976/749 1870/2982/749
f 1870/2982/750 1871/2976/750 1866/2976/750 1832/2946/750 1829/2945/750
f 1865/2973/683 1866/2976/683 1871/2976/683 1872/2981/683
f 1873/2983/751 1876/2984/751 1875/2985/751 1874/2986/751
f 1863/2971/752 1874/2986/752 1875/2985/752 1870/2982/752 1829/2945/752 1838/2945/752 1839/2950/752 1836/2950/752
f 1863/2971/683 1864/2970/683 1873/2983/683 1874/2986/683
f 1869/2980/683 1870/2982/683 1875/2985/683 1876/2984/683
f 1877/2987/753 1880/2988/753 1879/2989/753 1878/2990/753
f 1878/2990/754 1879/2989/754 1861/2991/754 1868/2974/754 1865/2973/754
f 1881/2992/755 1884/2993/755 1883/2994/755 1882/2995/755
f 1884/2993/756 1881/2992/756 1869/2980/756 1876/2980/756 1873/2970/756 1864/2970/756
f 1887/2993/757 1886/2996/757 1885/2997/757 1888/2994/757
f 1879/2996/758 1886/2996/758 1887/2993/758 1884/2993/758 1864/2970/758 1861/2969/758
f 1879/2989/683 1880/2988/683 1885/2988/683 1886/2989/683
f 1883/2994/683 1884/2993/683 1887/2993/683 1888/2994/683
f 1889/2990/759 1892/2992/759 1891/2998/759 1890/2987/759
f 1877/2987/683 1878/2990/683 1889/2990/683 1890/2987/683
f 1881/2992/760 1892/2992/760 1889/2990/760 1878/2990/760 1865/2973/760 1872/2973/760 1869/2980/760
f 1881/2992/683 1882/2995/683 1891/2998/683 1892/2992/683
f 1893/2827/761 1896/2821/761 1895/2999/761 1894/3000/761
f 1846/2959/762 1847/2958/762 1896/3001/762 1893/3002/762
f 1899/3003/763 1898/2822/763 1897/3004/763 1900/3005/763
f 1847/2958/764 1856/2958/764 1857/2966/764 1850/2966/764 1898/3006/764 1899/3007/764 1896/3001/764
f 1895/2999/765 1896/2821/765 1899/3003/765 1900/3005/765
f 1903/3008/766 1902/3009/766 1901/3010/766 1904/3011/766
f 1850/2963/767 1851/2962/767 1902/3012/767 1903/3013/767 1898/3013/767
f 1897/3011/683 1898/3014/683 1903/3008/683 1904/3011/683
f 1905/3000/768 1908/3010/768 1907/3015/768 1906/3016/768
f 1851/2962/769 1860/2962/769 1853/2959/769 1846/2959/769 1893/3002/769 1906/3002/769 1907/3012/769 1902/3012/769
f 1893/2827/683 1894/3000/683 1905/3000/683 1906/3016/683
f 1901/3010/683 1902/3009/683 1907/3015/683 1908/3010/683
f 1909/3017/770 1912/3018/770 1911/3019/770 1910/3020/770
f 1910/3020/769 1911/3019/769 1849/2968/769 1858/2968/769 1855/2957/769 1848/2957/769
f 1913/3021/763 1916/3022/763 1915/3023/763 1914/3024/763
f 1916/3022/764 1913/3021/764 1845/2956/764 1854/2956/764 1859/2961/764 1852/2961/764
f 1919/3022/771 1918/3025/771 1917/3026/771 1920/3023/771
f 1911/3025/762 1918/3025/762 1919/3022/762 1916/3022/762 1852/2961/762 1849/2960/762
f 1911/3019/683 1912/3018/683 1917/3018/683 1918/3019/683
f 1915/3023/683 1916/3022/683 1919/3022/683 1920/3023/683
f 1921/3020/772 1924/3027/772 1923/3024/772 1922/3017/772
f 1909/3017/683 1910/3020/683 1921/3020/683 1922/3017/683
f 1913/3021/767 1924/3027/767 1921/3020/767 1910/3020/767 1848/2957/767 1845/2956/767
f 1913/3021/683 1914/3024/683 1923/3024/683 1924/3027/683
f 1925/2827/744 1928/2821/744 1927/3028/744 1926/3029/744
f 1926/3029/758 1927/3028/758 1877/2987/758 1890/2987/758 1891/2995/758 1882/2995/758
f 1830/2948/745 1831/2947/745 1928/3030/745 1925/3031/745
f 1929/2840/773 1932/2832/773 1931/3032/773 1930/3033/773
f 1930/3033/760 1931/3032/760 1883/2994/760 1888/2994/760 1885/2997/760 1880/2997/760
f 1834/2952/750 1835/2951/750 1932/3034/750 1929/3035/750
f 1933/3036/774 1936/3037/774 1935/3038/774 1934/3028/774
f 1927/3028/756 1934/3028/756 1935/3038/756 1930/3038/756 1880/2988/756 1877/2987/756
f 1927/3028/683 1928/2821/683 1933/3036/683 1934/3028/683
f 1831/2947/752 1842/2947/752 1843/2953/752 1834/2953/752 1929/3039/752 1936/3039/752 1933/3030/752 1928/3030/752
f 1929/2822/683 1930/3038/683 1935/3038/683 1936/3037/683
f 1939/3040/775 1938/3041/775 1937/3029/775 1940/3042/775
f 1835/2951/747 1840/2951/747 1837/2948/747 1830/2948/747 1925/3031/747 1938/3031/747 1939/3034/747 1932/3034/747
f 1925/2827/683 1926/3029/683 1937/3029/683 1938/3041/683
f 1931/3032/754 1940/3042/754 1937/3029/754 1926/3029/754 1882/2995/754 1883/2994/754
f 1931/3032/683 1932/2832/683 1939/3040/683 1940/3042/683
f 1943/3043/776 1946/3044/776 1945/3045/776 1944/3046/776
f 1941/3047/776 1948/3048/776 1947/3049/776 1942/3050/776
f 1901/3010/777 1908/3010/777 1905/3000/777 1894/3000/777 1942/3050/777 1947/3049/777
f 1948/3048/778 1941/3047/778 1914/3024/778 1915/3023/778
f 1944/3046/777 1945/3045/777 1912/3018/777 1909/3017/777
f 1895/2999/778 1900/3005/778 1897/3004/778 1946/3044/778 1943/3043/778
f 1949/3051/776 1952/3049/776 1951/3052/776 1950/3053/776
f 1945/3053/779 1950/3053/779 1951/3052/779 1948/3048/779 1915/3023/779 1920/3023/779 1917/3026/779 1912/3026/779
f 1945/3053/683 1946/3054/683 1949/3051/683 1950/3053/683
f 1897/3011/780 1904/3011/780 1901/3010/780 1947/3049/780 1952/3049/780 1949/3051/780 1946/3054/780
f 1947/3049/683 1948/3048/683 1951/3052/683 1952/3049/683
f 1953/3055/776 1956/3043/776 1955/3056/776 1954/3057/776
f 1941/3047/780 1954/3057/780 1955/3056/780 1944/3046/780 1909/3017/780 1922/3017/780 1923/3024/780 1914/3024/780
f 1941/3047/683 1942/3050/683 1953/3055/683 1954/3057/683
f 1894/3000/779 1895/2999/779 1943/3043/779 1956/3043/779 1953/3055/779 1942/3050/779
f 1943/3043/683 1944/3046/683 1955/3056/683 1956/3043/683
f 1957/3058/683 1960/3059/683 1959/3060/683 1958/3061/683
f 1961/3062/683 1964/3063/683 1963/3064/683 1962/3065/683
f 1965/3061/683 1972/3064/683 1971/3063/683 1966/3058/683
f 1969/3066/683 1968/3060/683 1967/3067/683 1970/3068/683
f 1957/3058/683 1958/3061/683 1965/3061/683 1966/3058/683
f 1959/3060/683 1960/3059/683 1967/3067/683 1968/3060/683
f 1961/3062/683 1962/3065/683 1969/3065/683 1970/3062/683
f 1963/3064/683 1964/3063/683 1971/3063/683 1972/3064/683
f 1975/3069/781 1978/3070/781 1977/3071/781 1976/3072/781
f 1973/3073/781 1980/3074/781 1979/3075/781 1974/3076/781
f 1983/3072/781 1982/3073/781 1981/3076/781 1984/3069/781
f 1987/3077/781 1986/3078/781 1985/3079/781 1988/3075/781
f 1973/3073/683 1974/3076/683 1981/3076/683 1982/3073/683
f 1975/3069/683 1976/3072/683 1983/3072/683 1984/3069/683
f 1977/3071/683 1978/3070/683 1985/3070/683 1986/3071/683
f 1979/3075/683 1980/3074/683 1987/3077/683 1988/3075/683
f 1989/3080/782 1992/3081/782 1991/3082/782 1990/3083/782
f 1990/3083/783 1991/3082/783 1964/3063/783 1961/3062/783
f 1977/3078/784 1986/3078/784 1987/3077/784 1980/3077/784 1992/3081/784 1989/3080/784
f 1993/3084/785 1996/3085/785 1995/3086/785 1994/3087/785
f 1973/3073/786 1982/3073/786 1983/3072/786 1976/3072/786 1996/3085/786 1993/3084/786
f 1994/3087/787 1995/3086/787 1960/3059/787 1957/3058/787
f 1999/3088/788 1998/3089/788 1997/3081/788 2000/3090/788
f 1991/3082/789 1998/3089/789 1999/3088/789 1994/3087/789 1957/3058/789 1966/3058/789 1971/3063/789 1964/3063/789
f 1991/3082/683 1992/3081/683 1997/3081/683 1998/3089/683
f 1980/3074/790 1973/3073/790 1993/3084/790 2000/3090/790 1997/3081/790 1992/3081/790
f 1993/3084/683 1994/3087/683 1999/3088/683 2000/3090/683
f 2001/3091/791 2004/3086/791 2003/3092/791 2002/3093/791
f 1976/3072/792 1977/3071/792 1989/3093/792 2002/3093/792 2003/3092/792 1996/3085/792
f 1989/3093/683 1990/3094/683 2001/3091/683 2002/3093/683
f 1995/3086/793 2004/3086/793 2001/3091/793 1990/3094/793 1961/3068/793 1970/3068/793 1967/3059/793 1960/3059/793
f 1995/3086/683 1996/3085/683 2003/3092/683 2004/3086/683
f 2005/2827/782 2008/2821/782 2007/3095/782 2006/3096/782
f 2006/3096/784 2007/3095/784 1975/3069/784 1984/3069/784 1981/3076/784 1974/3076/784
f 1958/3061/783 1959/3060/783 2008/3097/783 2005/3098/783
f 2011/3099/794 2010/2822/794 2009/3100/794 2012/3101/794
f 2007/3095/790 2012/3101/790 2009/3100/790 1978/3070/790 1975/3069/790
f 1959/3060/789 1968/3060/789 1969/3066/789 1962/3066/789 2010/3102/789 2011/3097/789 2008/3097/789
f 2007/3095/683 2008/2821/683 2011/3099/683 2012/3101/683
f 2015/3103/785 2014/2832/785 2013/3104/785 2016/3105/785
f 1962/3065/787 1963/3064/787 2014/3106/787 2015/3107/787 2010/3107/787
f 2009/3105/786 2016/3105/786 2013/3104/786 1979/3075/786 1988/3075/786 1985/3079/786 1978/3079/786
f 2009/3105/683 2010/2840/683 2015/3103/683 2016/3105/683
f 2017/3108/795 2020/3104/795 2019/3109/795 2018/3110/795
f 1963/3064/793 1972/3064/793 1965/3061/793 1958/3061/793 2005/3098/793 2018/3098/793 2019/3106/793 2014/3106/793
f 2005/2827/683 2006/3096/683 2017/3108/683 2018/3110/683
f 2013/3104/792 2020/3104/792 2017/3108/792 2006/3096/792 1974/3076/792 1979/3075/792
f 2013/3104/683 2014/2832/683 2019/3109/683 2020/3104/683
